上位のページ,クリック数,表示回数,CTR,掲載順位
https://cho-hamanako.info/blog/guide/beginner/hamanako-fishing-rules-and-manners/,304,2941,10.34%,7.3
https://cho-hamanako.info/blog/araibenten-live-camera/,118,2227,5.3%,6.17
https://cho-hamanako.info/points/family-car-points/,117,909,12.87%,9.73
https://cho-hamanako.info/points/nagisaen/,100,734,13.62%,5.56
https://cho-hamanako.info/map/,93,1153,8.07%,9.16
https://cho-hamanako.info/blog/june-tako-opening/,89,933,9.54%,7.82
https://cho-hamanako.info/points/araibenten-umiduripark/,82,1348,6.08%,10.65
https://cho-hamanako.info/blog/hamanako-kayak-fishing/,78,305,25.57%,5.88
https://cho-hamanako.info/blog/7-month/,75,971,7.72%,7.68
https://cho-hamanako.info/points/amihosiba/,64,1246,5.14%,8.94
https://cho-hamanako.info/points/drive-fishing-spots/,64,809,7.91%,8.4
https://cho-hamanako.info/points/wading-points/,62,232,26.72%,5.32
https://cho-hamanako.info/blog/bait-vending-machines/,60,411,14.6%,6.25
https://cho-hamanako.info/blog/chinutop-july/,55,267,20.6%,6.98
https://cho-hamanako.info/blog/rental-boat-guide/,54,344,15.7%,9.18
https://cho-hamanako.info/blog/night-chining/,48,441,10.88%,9.3
https://cho-hamanako.info/blog/mebaru-kasago-beginner/,48,384,12.5%,7.26
https://cho-hamanako.info/blog/kurodai/,47,672,6.99%,8.87
https://cho-hamanako.info/points/tako-fukabori/,46,573,8.03%,9.73
https://cho-hamanako.info/points/ajing-fukabori/,42,708,5.93%,8.79
https://cho-hamanako.info/blog/guide/beginner/family-car-fishing-points/,40,504,7.94%,11.23
https://cho-hamanako.info/blog/8-month/,40,476,8.4%,6.51
https://cho-hamanako.info/blog/benten-nagashi-fishing/,38,383,9.92%,6.26
https://cho-hamanako.info/points/megaura/,37,628,5.89%,8.02
https://cho-hamanako.info/points/nakanoshima/,36,653,5.51%,7.39
https://cho-hamanako.info/blog/guide/beginner/hamanako-rainy-day-fishing/,36,242,14.88%,5.6
https://cho-hamanako.info/points/photonics-under/,34,140,24.29%,5.09
https://cho-hamanako.info/blog/yearly-fishing-calendar/,30,515,5.83%,8.83
https://cho-hamanako.info/points/pokochan-coast/,29,242,11.98%,5.76
https://cho-hamanako.info/points/konankoukou/,28,186,15.05%,9.38
https://cho-hamanako.info/points/imagiremaisakatei/,27,444,6.08%,8.06
https://cho-hamanako.info/blog/tako-points/,27,219,12.33%,14.09
https://cho-hamanako.info/blog/guide/beginner/hamanako-sabiki-best-season/,25,296,8.45%,8.73
https://cho-hamanako.info/blog/guide/theory/night-fishing-light/,24,474,5.06%,7.14
https://cho-hamanako.info/points/mejina-fukabori/,24,141,17.02%,10.16
https://cho-hamanako.info/blog/points-top5/,21,281,7.47%,9.44
https://cho-hamanako.info/blog/kawahagi-points/,21,173,12.14%,10.73
https://cho-hamanako.info/blog/guide/method/hamanako-boat-fishing/,20,208,9.62%,17.11
https://cho-hamanako.info/points/eging-fukabori/,19,309,6.15%,10.21
https://cho-hamanako.info/blog/okuhamanako-haze-fishing/,19,193,9.84%,8.92
https://cho-hamanako.info/points/sakujyoseki/,17,253,6.72%,7.7
https://cho-hamanako.info/points/otomeen/,17,88,19.32%,6.36
https://cho-hamanako.info/points/miyakodagawa/,15,489,3.07%,8.82
https://cho-hamanako.info/blog/hazekura-intro/,15,187,8.02%,9.57
https://cho-hamanako.info/blog/9-month/,15,129,11.63%,6.77
https://cho-hamanako.info/blog/sayori/,15,98,15.31%,6.12
https://cho-hamanako.info/blog/kisu-points/,14,165,8.48%,11.76
https://cho-hamanako.info/blog/magochi-bottom-wind/,14,137,10.22%,14.59
https://cho-hamanako.info/blog/flatfish/,13,163,7.98%,9.38
https://cho-hamanako.info/points/yuto-yamazaki/,13,146,8.9%,9.89
https://cho-hamanako.info/points/haze-fukabori/,12,348,3.45%,10.89
https://cho-hamanako.info/blog/kibire-cooking/,11,504,2.18%,9.93
https://cho-hamanako.info/points/boatrace-hamanako/,11,176,6.25%,8.43
https://cho-hamanako.info/points/chining-fukabori/,11,54,20.37%,12.83
https://cho-hamanako.info/blog/shops/,10,262,3.82%,8.32
https://cho-hamanako.info/blog/tide-table-logic/,10,130,7.69%,6.77
https://cho-hamanako.info/points/sayori-fukabori/,10,91,10.99%,8.01
https://cho-hamanako.info/blog/night-fishing/,10,91,10.99%,8.14
https://cho-hamanako.info/blog/guide/theory/imagiri-current-logic/,10,72,13.89%,7.29
https://cho-hamanako.info/blog/hamanako-complete-tackle-guide/,10,60,16.67%,9.52
https://cho-hamanako.info/blog/flatfish-beginner/,9,158,5.7%,15.63
https://cho-hamanako.info/blog/travel/hamanako-unagi-fishing-trip/,8,260,3.08%,8.95
https://cho-hamanako.info/blog/guide/beginner/hamanako-poisonous-fish-guide/,8,201,3.98%,8.7
https://cho-hamanako.info/blog/night-seabass/,8,67,11.94%,9.81
https://cho-hamanako.info/points/syotaijihana/,8,55,14.55%,4.13
https://cho-hamanako.info/blog/hamanako-train-fishing-spots/,8,42,19.05%,8.1
https://cho-hamanako.info/points/matsumigaura/,7,169,4.14%,7.39
https://cho-hamanako.info/blog/kibire-beginner/,7,58,12.07%,9.19
https://cho-hamanako.info/points/syounaiko/,6,203,2.96%,8.56
https://cho-hamanako.info/points/murakushi-kaisuiyoku/,6,172,3.49%,8.48
https://cho-hamanako.info/points/sunaageba/,6,134,4.48%,12.42
https://cho-hamanako.info/blog/seabass-points/,6,94,6.38%,12.98
https://cho-hamanako.info/blog/sabiki-set-comparison/,6,90,6.67%,12.51
https://cho-hamanako.info/blog/mebaru-kasago/,6,89,6.74%,9.72
https://cho-hamanako.info/blog/mejina/,6,76,7.89%,8.43
https://cho-hamanako.info/points/isajigawa/,6,54,11.11%,6.65
https://cho-hamanako.info/blog/guide/method/night-float-fishing/,6,47,12.77%,10.34
https://cho-hamanako.info/points/ina/,6,40,15%,11.07
https://cho-hamanako.info/blog/chinutop-lures/,6,38,15.79%,8.68
https://cho-hamanako.info/blog/guide/method/,5,112,4.46%,10.82
https://cho-hamanako.info/blog/guide/method/cho-nage-fishing/,5,91,5.49%,11.59
https://cho-hamanako.info/points/seabass-season-fukabori/,5,81,6.17%,18.32
https://cho-hamanako.info/blog/guide/method/fukase-fishing/,5,75,6.67%,7.83
https://cho-hamanako.info/blog/casting-gomoku/,5,69,7.25%,8.42
https://cho-hamanako.info/points/hiramatsu/,5,65,7.69%,7.85
https://cho-hamanako.info/blog/hazekura-gear/,5,48,10.42%,14.88
https://cho-hamanako.info/blog/bentenjima/,5,42,11.9%,6.86
https://cho-hamanako.info/points/utiyama-kaigan/,5,31,16.13%,6.03
https://cho-hamanako.info/blog/mejina-points/,5,30,16.67%,8.1
https://cho-hamanako.info/blog/winter-shinp-strategy/,5,27,18.52%,9.04
https://cho-hamanako.info/points/boat-gomoku-fukabori/,5,23,21.74%,9.61
https://cho-hamanako.info/blog/autumn-guide/,5,21,23.81%,6.9
https://cho-hamanako.info/blog/flatfish-points/,5,14,35.71%,5.21
https://cho-hamanako.info/blog/kareing/,4,82,4.88%,15.46
https://cho-hamanako.info/blog/guide/theory/moon-phase-pattern/,4,46,8.7%,8.89
https://cho-hamanako.info/blog/kurodai-beginner/,4,38,10.53%,6.5
https://cho-hamanako.info/blog/guide/method/hamanako-sup-fishing/,4,33,12.12%,6.79
https://cho-hamanako.info/points/yuto-yamazaki,4,17,23.53%,7.41
https://cho-hamanako.info/,3,254,1.18%,35.81
https://cho-hamanako.info/affiliates/,3,175,1.71%,11.19
https://cho-hamanako.info/points/hamayu-ohashi/,3,126,2.38%,8.07
https://cho-hamanako.info/blog/cooking/aji-furai-recipe/,3,86,3.49%,25.87
https://cho-hamanako.info/blog/mejina-cooking/,3,77,3.9%,9.03
https://cho-hamanako.info/points/kangetsuen/,3,71,4.23%,9.38
https://cho-hamanako.info/blog/guide/theory/barometric-pressure-fishing/,3,55,5.45%,9.56
https://cho-hamanako.info/points/,3,50,6%,9.54
https://cho-hamanako.info/blog/travel/hamanako-camp-fishing/,3,47,6.38%,7.98
https://cho-hamanako.info/blog/seasonal-guide/,3,47,6.38%,11.3
https://cho-hamanako.info/points/murakushi-kaisuiyoku,3,45,6.67%,6.71
https://cho-hamanako.info/points/shinkawa-kakou/,3,36,8.33%,9.58
https://cho-hamanako.info/blog/sayori-beginner-guide/,3,29,10.34%,18.97
https://cho-hamanako.info/points/kiga/,3,14,21.43%,4.64
https://cho-hamanako.info/blog/winter-kasago/,3,4,75%,3.75
https://cho-hamanako.info/blog/may-fishing/,2,88,2.27%,13.53
https://cho-hamanako.info/blog/fukase-nimaishio-logic/,2,64,3.12%,13.8
https://cho-hamanako.info/blog/tako-kanzen-guide/,2,61,3.28%,8.49
https://cho-hamanako.info/blog/aji-saba-sappa-beginner/,2,47,4.26%,8.09
https://cho-hamanako.info/blog/kurodai-tactics/,2,46,4.35%,7.39
https://cho-hamanako.info/points/kibire-bottom-fukabori/,2,45,4.44%,8.6
https://cho-hamanako.info/blog/kisu-cooking/,2,45,4.44%,10.8
https://cho-hamanako.info/blog/eging-points,2,42,4.76%,8.43
https://cho-hamanako.info/blog/seabass/,2,35,5.71%,6.57
https://cho-hamanako.info/points/sakumekaigan/,2,32,6.25%,8.31
https://cho-hamanako.info/blog/guide/theory/turbidity-water-color/,2,25,8%,4.96
https://cho-hamanako.info/points/murakushi-fishing-port/,2,18,11.11%,6.33
https://cho-hamanako.info/blog/aji-saba-sappa-points/,2,18,11.11%,8.61
https://cho-hamanako.info/blog/haze-tactics/,2,17,11.76%,9.88
https://cho-hamanako.info/blog/guide/theory/day-vs-night/,2,16,12.5%,6.31
https://cho-hamanako.info/points/magochi-fukabori/,2,14,14.29%,8.21
https://cho-hamanako.info/blog/guide/theory/autumn-fall-pattern/,2,12,16.67%,12.08
https://cho-hamanako.info/blog/karei-points/,2,8,25%,4.12
https://cho-hamanako.info/blog/haku-sasuke/,2,8,25%,14.75
https://cho-hamanako.info/blog/chinu-nokkomi-bait/,2,6,33.33%,17.33
https://cho-hamanako.info/blog/cooking/kurodai-shioyaki-recipe/,1,62,1.61%,8.97
https://cho-hamanako.info/blog/4-month/,1,58,1.72%,15.64
https://cho-hamanako.info/blog/guide/,1,57,1.75%,21.56
https://cho-hamanako.info/blog/amazon-sale-tackle-strategy/,1,54,1.85%,8.3
https://cho-hamanako.info/blog/hamanako-kurodai-topwater/,1,32,3.12%,9.56
https://cho-hamanako.info/blog/tako/,1,30,3.33%,17.4
https://cho-hamanako.info/blog/squid-complete/,1,26,3.85%,6.08
https://cho-hamanako.info/blog/august-hazekura/,1,23,4.35%,12.13
https://cho-hamanako.info/blog/6-month/,1,21,4.76%,12.29
https://cho-hamanako.info/blog/kawahagi/,1,20,5%,7.2
https://cho-hamanako.info/points/parkvillege/,1,20,5%,10.65
https://cho-hamanako.info/blog/guide/method/myaku-hechi-fishing/,1,19,5.26%,8.79
https://cho-hamanako.info/blog/eging/,1,18,5.56%,8.83
https://cho-hamanako.info/blog/kurodai-complete-guide/,1,16,6.25%,7.12
https://cho-hamanako.info/points/ime/,1,15,6.67%,6.73
https://cho-hamanako.info/points/lunker-seabass-fukabori/,1,15,6.67%,7
https://cho-hamanako.info/points/tsuzusaki/,1,14,7.14%,6.79
https://cho-hamanako.info/blog/parking-toilet-guide/,1,14,7.14%,7.79
https://cho-hamanako.info/points/murakushi-fishing-port,1,13,7.69%,7.62
https://cho-hamanako.info/points/gardenpark/,1,13,7.69%,9.15
https://cho-hamanako.info/blog/3-month/,1,13,7.69%,9.54
https://cho-hamanako.info/blog/01-january-kasago/,1,13,7.69%,18.62
https://cho-hamanako.info/blog/golden-week-hamanako-fishing/,1,12,8.33%,10.17
https://cho-hamanako.info/blog/kawahagi-cooking/,1,12,8.33%,11.08
https://cho-hamanako.info/points/bachinuke-fukabori,1,11,9.09%,5.27
https://cho-hamanako.info/blog/seabass-cooking/,1,11,9.09%,8.18
https://cho-hamanako.info/blog/cooking/tako-karaage-recipe/,1,10,10%,8.1
https://cho-hamanako.info/blog/guide/theory/baitfish-tracking/,1,9,11.11%,6.11
https://cho-hamanako.info/points/aeontown-kosai/,1,9,11.11%,8.33
https://cho-hamanako.info/blog/sayori-pattern/,1,9,11.11%,8.78
https://cho-hamanako.info/blog/kibire-complete-guide/,1,8,12.5%,7.5
https://cho-hamanako.info/blog/11-month/,1,6,16.67%,9
https://cho-hamanako.info/blog/mejina-tactics/,1,6,16.67%,11.33
https://cho-hamanako.info/blog/guide/theory/seasonal-patterns-guide/,1,5,20%,8
https://cho-hamanako.info/blog/kisu-beginner/,1,5,20%,8.6
https://cho-hamanako.info/points/boat-seabass-fukabori/,1,5,20%,10
https://cho-hamanako.info/points/sahama-hakusan/,1,3,33.33%,4.33
https://cho-hamanako.info/blog/mebaru-beginner/,1,3,33.33%,5.67
https://cho-hamanako.info/points/higata-sitefishing/,1,3,33.33%,6.33
https://cho-hamanako.info/blog/target/,0,63,0%,14.98
https://cho-hamanako.info/blog/travel/hamanako-kanko-hub/,0,60,0%,16.28
https://cho-hamanako.info/blog/eging-cooking/,0,53,0%,33.77
https://cho-hamanako.info/blog/guide/theory/hamanako-weather-vs-hamamatsu/,0,50,0%,7.36
https://cho-hamanako.info/blog/haze/,0,47,0%,10.02
https://cho-hamanako.info/blog/,0,40,0%,41.92
https://cho-hamanako.info/blog/aji-saba-sappa/,0,36,0%,7.69
https://cho-hamanako.info/blog/kurodai-cooking/,0,34,0%,18.41
https://cho-hamanako.info/blog/tako-cooking/,0,31,0%,7.74
https://cho-hamanako.info/blog/weekly-report-2026-04-02/,0,29,0%,9.41
https://cho-hamanako.info/points/washidukou/,0,24,0%,6
https://cho-hamanako.info/blog/comparison/,0,24,0%,10.12
https://cho-hamanako.info/points/sunza/,0,23,0%,7.61
https://cho-hamanako.info/blog/tako-tactics/,0,23,0%,7.74
https://cho-hamanako.info/blog/guide/theory/wind-direction-fish/,0,21,0%,5.38
https://cho-hamanako.info/points/bachinuke-fukabori/,0,20,0%,8
https://cho-hamanako.info/blog/cooking/nezakana-nitsuke-recipe/,0,20,0%,8.8
https://cho-hamanako.info/blog/flatfish-cooking/,0,20,0%,11.8
https://cho-hamanako.info/blog/eging-tactics/,0,18,0%,7.17
https://cho-hamanako.info/blog/november-guide/,0,17,0%,7.06
https://cho-hamanako.info/points/waji-boat/,0,16,0%,10.75
https://cho-hamanako.info/blog/mebaru-kasago-cooking/,0,16,0%,11.81
https://cho-hamanako.info/blog/travel/hamanako-clam-digging-fishing-2026/,0,14,0%,8.21
https://cho-hamanako.info/blog/cooking/beginner/koaji-karaage-recipe/,0,14,0%,8.79
https://cho-hamanako.info/points/bentenjimakaihinkouen/,0,13,0%,8.62
https://cho-hamanako.info/blog/5-month/,0,13,0%,12
https://cho-hamanako.info/blog/mebaru-kasago-points/,0,12,0%,8
https://cho-hamanako.info/blog/guide/theory/mazume-logic/,0,12,0%,9.58
https://cho-hamanako.info/blog/night-chining,0,10,0%,10.1
https://cho-hamanako.info/blog/guide/theory/feeding-switch/,0,9,0%,7
https://cho-hamanako.info/blog/guide/theory/dissolved-oxygen/,0,9,0%,7.67
https://cho-hamanako.info/blog/karei-beginner/,0,9,0%,8.11
https://cho-hamanako.info/points/kohitomi-boat/,0,8,0%,5.5
https://cho-hamanako.info/blog/karei-tactics/,0,8,0%,7.38
https://cho-hamanako.info/points/kyowa-boat/,0,8,0%,8.62
https://cho-hamanako.info/blog/golden-week-hamanako-fishing,0,8,0%,15
https://cho-hamanako.info/blog/tako-beginner/,0,7,0%,7.29
https://cho-hamanako.info/blog/flatfish-tactics/,0,7,0%,8.29
https://cho-hamanako.info/blog/kawahagi-beginner/,0,7,0%,8.57
https://cho-hamanako.info/blog/bachinuke-season-forecast-2026/,0,7,0%,9.86
https://cho-hamanako.info/blog/guide/theory/area-strategy-theory/,0,7,0%,15.14
https://cho-hamanako.info/points/sakuramaru/,0,6,0%,6.83
https://cho-hamanako.info/blog/water-temperature-logic/,0,6,0%,7.5
https://cho-hamanako.info/blog/mejina-beginner/,0,6,0%,8.17
https://cho-hamanako.info/blog/guide/theory/nokkomi-season/,0,5,0%,5
https://cho-hamanako.info/blog/sayori-cooking/,0,5,0%,7.8
https://cho-hamanako.info/blog/haku-pattern/,0,5,0%,8.2
https://cho-hamanako.info/points/magochi-fukabori,0,5,0%,8.2
https://cho-hamanako.info/blog/kibire-tactics/,0,5,0%,9.2
https://cho-hamanako.info/blog/karei/,0,5,0%,9.8
https://cho-hamanako.info/blog/bachinuke-forecast/,0,5,0%,10.2
https://cho-hamanako.info/points/nagisaen,0,4,0%,4.5
https://cho-hamanako.info/blog/okuhamanako-haze-fishing,0,4,0%,5.5
https://cho-hamanako.info/blog/kawahagi-tactics/,0,4,0%,6.25
https://cho-hamanako.info/blog/naka-boat-fishing-tactics/,0,4,0%,6.25
https://cho-hamanako.info/blog/travel/kanzanji-fishing-walk-guide/,0,4,0%,6.75
https://cho-hamanako.info/points/mio-suji-area-fukabori,0,4,0%,7.5
https://cho-hamanako.info/blog/amihoshiba/,0,4,0%,9.75
https://cho-hamanako.info/blog/12-december-chinta/,0,3,0%,7
https://cho-hamanako.info/blog/bachinuke-tackle/,0,3,0%,18.67
https://cho-hamanako.info/points/syotaijihana,0,2,0%,1
https://cho-hamanako.info/blog/karei-cooking/,0,2,0%,3.5
https://cho-hamanako.info/blog/method-kayaking-intro/,0,2,0%,4.5
https://cho-hamanako.info/points/omsolar/,0,2,0%,4.5
https://cho-hamanako.info/blog/kawahagi-points,0,2,0%,5.5
https://cho-hamanako.info/blog/weekly-report-2026-03-29/,0,2,0%,6.5
https://cho-hamanako.info/blog/kurodai-complete-guide,0,2,0%,7
https://cho-hamanako.info/blog/travel/omote-area-travel/,0,2,0%,7.5
https://cho-hamanako.info/blog/tako,0,2,0%,8
https://cho-hamanako.info/blog/august-hazekura,0,2,0%,8.5
https://cho-hamanako.info/blog/guide/theory/structure-theory/,0,2,0%,10
https://cho-hamanako.info/blog/november-guide,0,2,0%,12.5
https://cho-hamanako.info/points/mio-suji-area-fukabori/,0,2,0%,16
https://cho-hamanako.info/blog/cooking/karei-nitsuke-recipe/,0,2,0%,19.5
https://cho-hamanako.info/blog/haze,0,2,0%,27.5
https://cho-hamanako.info/blog/inahako-area-tactics/,0,1,0%,5
https://cho-hamanako.info/points/isajigawa,0,1,0%,6
https://cho-hamanako.info/blog/eging-beginner/,0,1,0%,7
https://cho-hamanako.info/blog/eging-points/,0,1,0%,8
https://cho-hamanako.info/blog/hamana-depth-map-guide/,0,1,0%,8
https://cho-hamanako.info/blog/12-month/,0,1,0%,9
https://cho-hamanako.info/blog/anazuri/,0,1,0%,9
https://cho-hamanako.info/blog/travel/hamanako-march-gourmet-shirasu-sayori,0,1,0%,10
https://cho-hamanako.info/blog/travel/hamanako-march-gourmet-shirasu-sayori/,0,1,0%,10
https://cho-hamanako.info/points/imagiremaisakatei,0,1,0%,10
https://cho-hamanako.info/blog/omote-area-tactics/,0,1,0%,11
https://cho-hamanako.info/points/utiyama-kaigan,0,1,0%,21