区分,旧URL,転送先,確度,12mクリック,備考,根拠
"A 既存ルール","/2025/10/【初心者必見】浜名湖釣りのルールとマナー完全/","/blog/guide/beginner/hamanako-fishing-rules-and-manners/","-",584,"正常（変更なし）"
"A 既存ルール","/2024/11/浜名湖周辺にある釣具店をエリア別やおすすめで/","/blog/shops/","◎",333,"転送先を修正"
"A 既存ルール","/2025/09/9月の浜名湖投げ釣り五目！キス・カワハギ・ヘダ/","/blog/casting-gomoku/","◎",,"転送先を修正"
"A 既存ルール","/2025/12/winter12-3-lightgame-rockfish/","/blog/winter-lightgame/","◎",18,"転送先を修正"
"A 既存ルール","/2024/11/1月の浜名湖で狙える！釣り人おすすめポイントと/","/blog/1-month/","◎",359,"転送先を修正"
"A 既存ルール","/2024/09/10月の浜名湖でおすすめの釣りポイント8選/","/blog/10-month/","◎",137,"転送先を修正"
"A 既存ルール","/2024/10/11月の浜名湖でおすすめの釣りポイント5選/","/blog/11-month/","◎",344,"転送先を修正"
"A 既存ルール","/2024/10/12月の浜名湖でおすすめの釣りポイント/","/blog/12-month/","◎",438,"転送先を修正"
"A 既存ルール","/2024/12/2月の浜名湖でおすすめの釣りポイント6選/","/blog/2-month/","◎",228,"転送先を修正"
"A 既存ルール","/2025/01/3月の浜名湖でおすすめの釣りポイント10選/","/blog/3-month/","◎",,"転送先を修正／GSC上の実URLは「9選」。9選のルールも追加"
"A 既存ルール","/2025/02/4月の浜名湖でおすすめの釣りポイント8選/","/blog/4-month/","◎",,"転送先を修正"
"A 既存ルール","/2025/02/5月の浜名湖でおすすめの釣りポイント9選/","/blog/5-month/","◎",,"転送先を修正"
"A 既存ルール","/2025/02/6月の浜名湖でおすすめの釣りポイント9選/","/blog/6-month/","◎",,"転送先を修正"
"A 既存ルール","/2025/02/7月の浜名湖でおすすめの釣りポイント7選/","/blog/7-month/","◎",312,"転送先を修正"
"A 既存ルール","/2025/02/8月の浜名湖でおすすめの釣りポイント10選/","/blog/8-month/","◎",,"転送先を修正"
"A 既存ルール","/2024/09/9月の浜名湖でおすすめの釣りポイント6選/","/blog/9-month/","◎",,"転送先を修正"
"A 既存ルール","/hamanako-seasonal-fishing-patterns-guide/","/blog/seasonal-patterns-guide/","-",,"正常（変更なし）"
"A 既存ルール","/blog/guide/theory/seasonal-patterns-guide/","/blog/seasonal-patterns-guide/","-",,"正常（変更なし）"
"A 既存ルール","/hamanako-fishing-calendar-guide/","/blog/yearly-fishing-calendar/","◎",,"転送先を修正"
"A 既存ルール","/2024/09/家族で安心！浜名湖で車横付け可能な釣り場と設/","/blog/guide/beginner/family-car-fishing-points/","-",348,"正常（変更なし）"
"A 既存ルール","/2024/11/釣りにめっちゃ役立つ！浜名湖全域の水深を知る/","/blog/hamana-depth-map-guide/","◎",312,"転送先を修正"
"A 既存ルール","/blog/anazuri/","-","◎",11,"ルール削除（転送元が実在記事のURL。記事がスタブに上書きされている）"
"A 既存ルール","/blog/hamana-depth-map-guide/","-","◎",7,"ルール削除（転送元が実在記事のURL。記事がスタブに上書きされている）"
"A 既存ルール","/blog/guide-2025/","/blog/tako-kanzen-guide/","-",,"正常（変更なし）"
"A 既存ルール","/blog/travel/hamanako-rental-fishing-guide/","/points/araibenten-umiduripark/","-",,"正常（変更なし）"
"B 旧WP記事(地名)","/2024/11/浜名湖シロギス釣りのベストポイント5選！初心者/","/blog/points-top5/","◎",1276,"公開日2024-11-12が一致（同一記事）","タイトル類似1位(0.39)／公開年月一致"
"B 旧WP記事(地名)","/2024/08/猪鼻湖（三ヶ日）～奥浜名湖の釣りポイント紹介/","/points/inahako/","○",1168,"旧記事は猪鼻湖全体を束ねていた（推定）。ハブへ。個別スポットは本文から誘導","タイトル類似では圏外。1位は/points/mikkabi-eki/(0.46)"
"B 旧WP記事(地名)","/2024/08/中之島・渚園～表浜名湖の釣りポイント紹介～/","/points/nagisaen/","○",800,"2スポット束ね。渚園の検索需要が大きいため渚園へ。`/points/nakanoshima/` を本文から強く誘導","タイトル類似2位(0.52)。1位は/blog/winter-shinp-strategy/(0.53)／公開年月一致"
"B 旧WP記事(地名)","/2024/08/舘山寺（内浦湾）～奥浜名湖の釣りポイント紹介/","/points/kanzanji/","◎",628,"","タイトル類似1位(0.58)／公開年月一致"
"B 旧WP記事(地名)","/2024/08/都田川河口～奥浜名湖の釣りポイント紹介～/","/points/miyakodagawa/","◎",626,"","タイトル類似3位(0.48)。1位は/points/hanagawa/(0.5)／公開年月一致"
"C 旧WP記事(その他)","/2024/11/浜名湖で楽しむアジングの醍醐味：評価の高いポ/","/blog/ajing-guide/","◎",578,"自動突合(wpSlug)","タイトル類似では圏外。1位は/points/pokochan-coast/(0.14)"
"B 旧WP記事(地名)","/2024/08/村櫛漁港付近・ガーデンパーク～中浜名湖の釣り/","/points/murakushi-fishing-port/","○",529,"2スポット束ね。ガーデンパークへは本文から誘導","タイトル類似3位(0.23)。1位は/blog/naka-boat-fishing-tactics/(0.47)／公開年月一致"
"C 旧WP記事(その他)","/2024/10/浜名湖でスズキ（シーバス）釣りのおすすめポイ/","/blog/seabass-points/","○",446,"シーバスのポイント記事","タイトル類似では圏外。1位は/blog/seabass-cooking/(0.31)"
"C 旧WP記事(その他)","/2024/12/浜名湖でカサゴを釣りたいならここ！おすすめの/","/blog/kasago-guide/","◎",356,"公開月一致（2024-12）","タイトル類似では圏外。1位は/blog/winter-kasago/(0.32)／公開年月一致"
"C 旧WP記事(その他)","/2024/11/【初心者必見】冬の浜名湖でカレイを釣る方法！/","/blog/karei-beginner/","○",354,"初心者向けカレイ。代替: /blog/karei/","タイトル類似では圏外。1位は/blog/winter-kasago/(0.31)"
"C 旧WP記事(その他)","/2024/11/【完全ガイド】浜名湖でハゼ釣りを楽しむ！おす/","/blog/haze-points/","○",318,"ポイント紹介系。代替: /blog/haze/","タイトル類似では圏外。1位は/blog/hazekura-gear/(0.39)"
"B 旧WP記事(地名)","/2024/08/瀬戸水道～奥浜名湖の釣りポイント紹介～/","/points/setosuidou/","◎",261,"","タイトル類似1位(0.5)／公開年月一致"
"C 旧WP記事(その他)","/2025/10/冬の浜名湖釣りガイド｜初心者向けの釣り方とお/","/blog/seasonal-patterns-guide/","◎",247,"【転送先確定】「冬」単独の総合記事は現行になく、タイトルに春夏秋冬を含む四季ガイドへ。転送先は改稿予定（seasonal-guide-rewrite.md）。12mの「冬」クエリは179クリック/817表示（「浜名湖 冬 釣り」98クリック・平均3.1位）で、冬の総合ページ新設も検討余地あり。代替: /blog/12-month/ /blog/winter-lightgame/","タイトル類似では圏外。1位は/blog/karei-beginner/(0.29)"
"B 旧WP記事(地名)","/2024/08/新居弁天海釣公園～表浜名湖の釣りポイント～/","/points/araibenten-umiduripark/","◎",244,"","タイトル類似1位(0.78)／公開年月一致"
"B 旧WP記事(地名)","/2024/11/浜名湖でおすすめのウェーディングポイント10選と/","/points/wading-points/","◎",230,"自動突合(wpSlug)","タイトル類似1位(1)／公開年月一致"
"C 旧WP記事(その他)","/2024/11/浜名湖でサヨリを釣る方法！おすすめのシーズン/","/blog/sayori-beginner-guide/","○",207,"代替: /blog/sayori/","タイトル類似では圏外。1位は/blog/guide/beginner/hamanako-sabiki-best-season/(0.41)"
"B 旧WP記事(地名)","/2025/01/3月の浜名湖でおすすめの釣りポイント9選/","/blog/3-month/","◎",192,"既存設定は「10選」で不一致。公開日2025-01が一致","タイトル類似では圏外。1位は/points/wading-points/(0.43)／公開年月一致"
"C 旧WP記事(その他)","/2024/11/浜名湖でカワハギを釣る方法完全ガイド！釣れる/","/blog/kawahagi/","○",171,"代替: /blog/kawahagi-beginner/","タイトル類似では圏外。1位は/blog/kawahagi-beginner/(0.39)"
"C 旧WP記事(その他)","/2026/01/hamanako-bachinuke-seabuss/","/points/bachinuke-fukabori/","○",167,"バチ抜けシーバス","英語スラッグ（タイトル照合不可。語句から推定）"
"B 旧WP記事(地名)","/2024/11/湖南高校周辺～中浜名湖のポイント紹介～/","/points/konankoukou/","◎",164,"","タイトル類似1位(0.65)"
"B 旧WP記事(地名)","/2024/11/浜名湖でメバルを釣る方法～初心者から上級者ま/","/blog/mebaru-beginner/","◎",160,"自動突合(wpSlug)","タイトル類似では圏外。1位は/blog/eging-beginner/(0.17)／公開年月一致"
"C 旧WP記事(その他)","/2024/11/浜名湖でサビキ釣りを楽しもう！おすすめのシー/","/blog/guide/beginner/hamanako-sabiki-best-season/","◎",159,"自動突合(タイトル前方一致)","タイトル類似1位(1)／公開年月一致"
"C 旧WP記事(その他)","/2024/12/tactics-fish-kasago/","/blog/mebaru-kasago/","○",158,"魚種別記事へ（指定）","英語スラッグ（タイトル照合不可。語句から推定）"
"B 旧WP記事(地名)","/2024/10/浜名湖でキビレを釣るおすすめのポイントと方法/","/blog/kibire-points/","○",154,"代替: /blog/kibire/","タイトル類似では圏外。1位は/blog/hazekura-intro/(0.29)"
"B 旧WP記事(地名)","/2024/08/はまゆう大橋～中浜名湖の釣りポイント紹介～/","/points/hamayu-ohashi/","◎",148,"","タイトル類似1位(0.65)／公開年月一致"
"B 旧WP記事(地名)","/2024/08/佐久米海岸～奥浜名湖の釣りポイント紹介～/","/points/sakumekaigan/","◎",143,"","タイトル類似1位(0.71)／公開年月一致"
"C 旧WP記事(その他)","/2025/04/浜名湖でメジナを釣る方法のまとめ！初心者にも/","/blog/mejina/","○",138,"代替: /blog/mejina-beginner/","タイトル類似では圏外。1位は/blog/mejina-cooking/(0.17)"
"B 旧WP記事(地名)","/2024/08/乙女園・サクラマル（弁天島）～表浜名湖の釣り/","/points/otomeen/","○",136,"2スポット束ね。サクラマルへは本文から誘導","タイトル類似3位(0.26)。1位は/points/sakuramaru/(0.34)／公開年月一致"
"C 旧WP記事(その他)","/2024/12/釣りに行く直前、浜名湖の状況をライブカメラや/","/blog/araibenten-live-camera/","○",131,"現行は「新居ライブカメラ終了＋代替カメラ」記事","タイトル類似1位(0.27)"
"B 旧WP記事(地名)","/2024/08/伊目～奥浜名湖の釣りポイント紹介～/","/points/ime/","◎",115,"","タイトル類似1位(0.55)／公開年月一致"
"B 旧WP記事(地名)","/2024/08/鷲津湾周辺～中浜名湖の釣りポイント紹介～/","/points/washidukou/","◎",112,"","タイトル類似2位(0.37)。1位は/points/naka-hamanako-fishing-points/(0.52)／公開年月一致"
"C 旧WP記事(その他)","/2025/12/seabass-winter-pointtactics/","/blog/winter-lunker/","○",111,"冬シーバス。代替: /blog/winter-shinp-strategy/","英語スラッグ（タイトル照合不可。語句から推定）"
"B 旧WP記事(地名)","/2024/11/浜名湖パークビレッジ付近～表浜名湖の釣りポイ/","/points/parkvillege/","◎",105,"","タイトル類似1位(0.69)"
"B 旧WP記事(地名)","/2024/08/気賀・寸座～奥浜名湖の釣りポイント紹介～/","/points/kiga/","○",101,"2スポット束ね。寸座へは本文から誘導","タイトル類似1位(0.44)／公開年月一致"
"B 旧WP記事(地名)","/2024/08/庄内湖～奥浜名湖の釣りポイント紹介～/","/points/syounaiko/","◎",100,"","タイトル類似では圏外。1位は/points/oku-hamanako-fishing-points/(0.71)／公開年月一致"
"B 旧WP記事(地名)","/2024/08/ボートレース浜名湖（浜名湖競艇場）～表浜名湖/","/points/boatrace-hamanako/","◎",96,"","タイトル類似1位(0.52)／公開年月一致"
"B 旧WP記事(地名)","/2024/08/女河浦海水浴場～中浜名湖の釣りポイント紹介～/","/points/megaura/","◎",76,"","タイトル類似1位(0.88)／公開年月一致"
"C 旧WP記事(その他)","/2025/09/9月の浜名湖カレイ釣り開幕！投げ釣りで狙う秋の/","/blog/hamanako-karei-fishing-season-opener/","◎",74,"公開日2025-09が一致","タイトル類似1位(0.46)／公開年月一致"
"C 旧WP記事(その他)","/2025/12/hamana-winter-tinu-tactics/","/blog/winter-tactics/","◎",69,"冬クロダイ・公開日2025-12が一致","英語スラッグ（タイトル照合不可。語句から推定）"
"C 旧WP記事(その他)","/2026/02/bachinuke-forecast/","/blog/bachinuke-forecast/","◎",64,"自動突合(スラッグ一致)","英語スラッグ（タイトル照合不可。語句から推定）"
"B 旧WP記事(地名)","/2024/08/松見ヶ浦～中浜名湖の釣りポイント紹介～/","/points/matsumigaura/","◎",60,"","タイトル類似1位(0.48)／公開年月一致"
"C 旧WP記事(その他)","/2025/12/araibenten-12m-winter-fishguide/","/points/araibenten-umiduripark/","○",58,"新居海釣り公園の冬。代替: /blog/12-month/","英語スラッグ（タイトル照合不可。語句から推定）"
"D タグ・カテゴリ","/tag/マゴチ/","/blog/flatfish/","○",51,"マゴチ・ヒラメ（フラットフィッシュ）の統合記事へ（指定）","タイトル類似では圏外。1位は/points/magochi-fukabori/(1)"
"C 旧WP記事(その他)","/2025/01/浜名湖の水温をチェックできる有能なウェブサイ/","/blog/water-temperature-checking/","◎",51,"公開日2025-01-15が一致（記事側wpSlugは誤設定）","タイトル類似1位(0.46)／公開年月一致"
"C 旧WP記事(その他)","/2025/11/hirame-hama-11/","/blog/november-guide/","○",43,"ヒラメ11月","英語スラッグ（タイトル照合不可。語句から推定）"
"C 旧WP記事(その他)","/2025/11/araibenten-11-5select/","/points/araibenten-umiduripark/","○",42,"新居海釣り公園の11月。代替: /blog/11-month/","英語スラッグ（タイトル照合不可。語句から推定）"
"C 旧WP記事(その他)","/2025/12/hamanako-12season-fishguide/","/blog/12-month/","○",42,"12月ガイド","英語スラッグ（タイトル照合不可。語句から推定）"
"C 旧WP記事(その他)","/2025/10/【秋の浜名湖】初心者におすすめハゼ・アジ釣り/","/blog/haze/","○",42,"魚種別記事へ（指定）","タイトル類似では圏外。1位は/blog/hazekura-intro/(0.23)"
"B 旧WP記事(地名)","/2024/08/浜名湖の干潟サイトフィッシング～中浜名湖の釣/","/points/higata-sitefishing/","◎",39,"自動突合(タイトル前方一致)","タイトル類似1位(0.81)／公開年月一致"
"C 旧WP記事(その他)","/2025/11/hamanako-egging-technic-timepoint/","/points/eging-fukabori/","○",36,"エギングのポイント・時期。代替: /blog/eging-tactics/","英語スラッグ（タイトル照合不可。語句から推定）"
"C 旧WP記事(その他)","/2024/09/今何が釣れる？浜名湖釣魚カレンダーを公開/","/blog/yearly-fishing-calendar/","○",36,"","タイトル類似1位(0.26)"
"C 旧WP記事(その他)","/2025/12/hamana-kasago-bignner-winter/","/blog/winter-kasago/","◎",33,"公開日2025-12が一致","英語スラッグ（タイトル照合不可。語句から推定）"
"C 旧WP記事(その他)","/2025/10/10月の浜名湖ハゼ釣り完全ガイド！秋の大型ハゼを/","/blog/haze/","○",31,"魚種別記事へ（指定）","タイトル類似では圏外。1位は/blog/10-month/(0.43)"
"C 旧WP記事(その他)","/2025/11/hama11-karei-jsseki/","/blog/11-november-karei/","○",25,"11月カレイ","英語スラッグ（タイトル照合不可。語句から推定）"
"C 旧WP記事(その他)","/2024/11/浜名湖の魚を全て釣るには？エサ釣りとルアー釣/","/blog/seasonal-patterns-guide/","○",22,"四季のシーズナルパターンが適する（指定）","ユーザー判断"
"C 旧WP記事(その他)","/2025/12/hamanako-mebaru-winter-ptactics/","/blog/winter-lightgame/","○",22,"冬のメバル・カサゴ。代替: /blog/mebaru-beginner/","英語スラッグ（タイトル照合不可。語句から推定）"
"D タグ・カテゴリ","/category/奥浜名湖/","/points/oku-hamanako-fishing-points/","○",21,"カテゴリ一覧→エリアハブ","タイトル類似では圏外。1位は/blog/inahako-area-tactics/(1)"
"D タグ・カテゴリ","/category/表浜名湖/","/points/omote-hamanako-fishing-points/","○",20,"カテゴリ一覧→エリアハブ","タイトル類似では圏外。1位は/blog/omote-area-tactics/(1)"
"C 旧WP記事(その他)","/2025/11/bansyu-seabass-area/","/blog/seabass/","○",18,"晩秋シーバス。シーバスの魚種別記事へ（指定）","英語スラッグ（タイトル照合不可。語句から推定）"
"D タグ・カテゴリ","/tag/サヨリ/","/blog/sayori/","○",15,"タグ一覧","タイトル類似では圏外。1位は/points/boat-gomoku-fukabori/(1)"
"D タグ・カテゴリ","/tag/シーバス/","/blog/seabass/","○",15,"タグ一覧","タイトル類似では圏外。1位は/blog/cooking/winter-hamanako-recipe/(1)"
"C 旧WP記事(その他)","/2026/01/hamanako-tsurigushop-choice/","/blog/shops/","○",14,"釣具店","英語スラッグ（タイトル照合不可。語句から推定）"
"C 旧WP記事(その他)","/2026/02/feb-season-forecast/","/blog/2-month/","○",13,"2月ガイド","英語スラッグ（タイトル照合不可。語句から推定）"
"C 旧WP記事(その他)","/2025/11/hamanako-aorisq-bignner-guide/","/blog/aori-guide/","◎",13,"公開日2025-11が一致","英語スラッグ（タイトル照合不可。語句から推定）"
"E 移行途中パス(観測あり)","/blog/guide/method/ajing-guide/","/blog/ajing-guide/","◎",11,"自動突合(旧(移行途中)URL)",""
"C 旧WP記事(その他)","/2025/11/beginner-haze-konanch/","/blog/haze-beginner/","○",11,"ハゼ入門","英語スラッグ（タイトル照合不可。語句から推定）"
"C 旧WP記事(その他)","/2024/11/omote-hamanako-konankoukou/","/points/konankoukou/","◎",10,"別系統の旧URL","英語スラッグ（タイトル照合不可。語句から推定）"
"B 旧WP記事(地名)","/2024/08/新居町中之郷付近～中浜名湖の釣りポイント紹介/","/points/arai-nakanogo/","◎",10,"","タイトル類似1位(0.48)／公開年月一致"
"E 移行途中パス(観測あり)","/blog/target/eging/squid-complete/","/blog/squid-complete/","◎",9,"自動突合(旧(移行途中)URL)",""
"C 旧WP記事(その他)","/2025/10/10月の浜名湖投げ釣り入門！カワハギ・ヘダイを狙/","/blog/casting-gomoku/","○",9,"キス・カワハギ・ヘダイの投げ釣り","タイトル類似1位(0.65)"
"C 旧WP記事(その他)","/2026/01/winter-mebaru-beginner/","/blog/mebaru-beginner/","○",8,"","英語スラッグ（タイトル照合不可。語句から推定）"
"E 移行途中パス(観測あり)","/points/oku/pokochan-coast/","/points/pokochan-coast/","◎",8,"自動突合(旧(移行途中)URL)",""
"C 旧WP記事(その他)","/2026/02/bachinuke-tackle/","/blog/bachinuke-tackle/","◎",7,"自動突合(スラッグ一致)","英語スラッグ（タイトル照合不可。語句から推定）"
"E 移行途中パス(観測あり)","/points/naka/washidukou/","/points/washidukou/","◎",7,"自動突合(旧(移行途中)URL)",""
"E 移行途中パス(観測あり)","/blog/season/yearly-fishing-calendar","/blog/yearly-fishing-calendar/","◎",6,"自動突合(旧(移行途中)URL)",""
"C 旧WP記事(その他)","/2025/11/11bansyu-kibire-float/","/blog/kibire/","○",6,"キビレの電気ウキ","英語スラッグ（タイトル照合不可。語句から推定）"
"E 移行途中パス(観測あり)","/blog/guide/method/night-fishing/","/blog/night-fishing/","◎",6,"自動突合(旧(移行途中)URL)",""
"E 移行途中パス(観測あり)","/blog/guide/logistics/parking-toilet-guide","/blog/parking-toilet-guide/","◎",5,"自動突合(旧(移行途中)URL)",""
"E 移行途中パス(観測あり)","/blog/guide/method/hamanako-kayak-fishing/","/blog/hamanako-kayak-fishing/","◎",5,"自動突合(旧(移行途中)URL)",""
"E 移行途中パス(観測あり)","/points/naka/gardenpark/","/points/gardenpark/","◎",5,"自動突合(旧(移行途中)URL)",""
"E 移行途中パス(全記事)","/blog/guide/beginner/hamanako-train-fishing-spots/","/blog/hamanako-train-fishing-spots/","◎",,"観測外・予防的",""
"E 移行途中パス(全記事)","/blog/guide/logistics/amazon-sale-tackle-strategy/","/blog/amazon-sale-tackle-strategy/","◎",,"観測外・予防的",""
"E 移行途中パス(全記事)","/blog/guide/logistics/araibenten-live-camera/","/blog/araibenten-live-camera/","◎",,"観測外・予防的",""
"E 移行途中パス(全記事)","/blog/guide/logistics/bait-vending-machines/","/blog/bait-vending-machines/","◎",,"観測外・予防的",""
"E 移行途中パス(全記事)","/blog/guide/logistics/hamanako-complete-tackle-guide/","/blog/hamanako-complete-tackle-guide/","◎",,"観測外・予防的",""
"E 移行途中パス(全記事)","/blog/guide/logistics/parking-toilet-guide/","/blog/parking-toilet-guide/","◎",,"観測外・予防的",""
"E 移行途中パス(全記事)","/blog/guide/logistics/rental-boat-guide/","/blog/rental-boat-guide/","◎",,"観測外・予防的",""
"E 移行途中パス(全記事)","/blog/guide/logistics/shops/","/blog/shops/","◎",,"観測外・予防的",""
"E 移行途中パス(全記事)","/blog/guide/method/ajing-guide/","/blog/ajing-guide/","◎",,"観測外・予防的",""
"E 移行途中パス(全記事)","/blog/guide/method/anazuri/","/blog/anazuri/","◎",,"観測外・予防的",""
"E 移行途中パス(全記事)","/blog/guide/method/benten-nagashi-fishing/","/blog/benten-nagashi-fishing/","◎",,"観測外・予防的",""
"E 移行途中パス(全記事)","/blog/guide/method/boat-autumn/","/blog/boat-autumn/","◎",,"観測外・予防的",""
"E 移行途中パス(全記事)","/blog/guide/method/casting-gomoku/","/blog/casting-gomoku/","◎",,"観測外・予防的",""
"E 移行途中パス(全記事)","/blog/guide/method/chinutop-july/","/blog/chinutop-july/","◎",,"観測外・予防的",""
"E 移行途中パス(全記事)","/blog/guide/method/hamanako-kayak-fishing/","/blog/hamanako-kayak-fishing/","◎",,"観測外・予防的",""
"E 移行途中パス(全記事)","/blog/guide/method/hamanako-kurodai-topwater/","/blog/hamanako-kurodai-topwater/","◎",,"観測外・予防的",""
"E 移行途中パス(全記事)","/blog/guide/method/inahako-area-tactics/","/blog/inahako-area-tactics/","◎",,"観測外・予防的",""
"E 移行途中パス(全記事)","/blog/guide/method/method-kayaking-intro/","/blog/method-kayaking-intro/","◎",,"観測外・予防的",""
"E 移行途中パス(全記事)","/blog/guide/method/naka-boat-fishing-tactics/","/blog/naka-boat-fishing-tactics/","◎",,"観測外・予防的",""
"E 移行途中パス(全記事)","/blog/guide/method/night-chining/","/blog/night-chining/","◎",,"観測外・予防的",""
"E 移行途中パス(全記事)","/blog/guide/method/night-fishing/","/blog/night-fishing/","◎",,"観測外・予防的",""
"E 移行途中パス(全記事)","/blog/guide/method/night-seabass/","/blog/night-seabass/","◎",,"観測外・予防的",""
"E 移行途中パス(全記事)","/blog/guide/method/okuhamanako-haze-fishing/","/blog/okuhamanako-haze-fishing/","◎",,"観測外・予防的",""
"E 移行途中パス(全記事)","/blog/guide/method/omote-area-tactics/","/blog/omote-area-tactics/","◎",,"観測外・予防的",""
"E 移行途中パス(全記事)","/blog/guide/method/uchibay-kanzanji-area-tactics/","/blog/uchibay-kanzanji-area-tactics/","◎",,"観測外・予防的",""
"E 移行途中パス(全記事)","/blog/guide/method/winter-lightgame/","/blog/winter-lightgame/","◎",,"観測外・予防的",""
"E 移行途中パス(全記事)","/blog/guide/points/hamana-depth-map-guide/","/blog/hamana-depth-map-guide/","◎",,"観測外・予防的",""
"E 移行途中パス(全記事)","/blog/guide/theory/temp-lag-science/","/blog/temp-lag-science/","◎",,"観測外・予防的",""
"E 移行途中パス(全記事)","/blog/guide/theory/tide-table-logic/","/blog/tide-table-logic/","◎",,"観測外・予防的",""
"E 移行途中パス(全記事)","/blog/guide/theory/water-temperature-checking/","/blog/water-temperature-checking/","◎",,"観測外・予防的",""
"E 移行途中パス(全記事)","/blog/guide/theory/water-temperature-logic/","/blog/water-temperature-logic/","◎",,"観測外・予防的",""
"E 移行途中パス(全記事)","/points/fukabori/ajing-fukabori/","/points/ajing-fukabori/","◎",,"観測外・予防的",""
"E 移行途中パス(全記事)","/points/fukabori/bachinuke-fukabori/","/points/bachinuke-fukabori/","◎",,"観測外・予防的",""
"E 移行途中パス(全記事)","/points/fukabori/boat-gomoku-fukabori/","/points/boat-gomoku-fukabori/","◎",,"観測外・予防的",""
"E 移行途中パス(全記事)","/points/fukabori/boat-seabass-fukabori/","/points/boat-seabass-fukabori/","◎",,"観測外・予防的",""
"E 移行途中パス(全記事)","/points/fukabori/chining-fukabori/","/points/chining-fukabori/","◎",,"観測外・予防的",""
"E 移行途中パス(全記事)","/points/fukabori/eging-fukabori/","/points/eging-fukabori/","◎",,"観測外・予防的",""
"E 移行途中パス(全記事)","/points/fukabori/haze-fukabori/","/points/haze-fukabori/","◎",,"観測外・予防的",""
"E 移行途中パス(全記事)","/points/fukabori/imagire-area-fukabori/","/points/imagire-area-fukabori/","◎",,"観測外・予防的",""
"E 移行途中パス(全記事)","/points/fukabori/kibire-bottom-fukabori/","/points/kibire-bottom-fukabori/","◎",,"観測外・予防的",""
"E 移行途中パス(全記事)","/points/fukabori/kisu-fukabori/","/points/kisu-fukabori/","◎",,"観測外・予防的",""
"E 移行途中パス(全記事)","/points/fukabori/lunker-seabass-fukabori/","/points/lunker-seabass-fukabori/","◎",,"観測外・予防的",""
"E 移行途中パス(全記事)","/points/fukabori/magochi-fukabori/","/points/magochi-fukabori/","◎",,"観測外・予防的",""
"E 移行途中パス(全記事)","/points/fukabori/mejina-fukabori/","/points/mejina-fukabori/","◎",,"観測外・予防的",""
"E 移行途中パス(全記事)","/points/fukabori/mio-suji-area-fukabori/","/points/mio-suji-area-fukabori/","◎",,"観測外・予防的",""
"E 移行途中パス(全記事)","/points/fukabori/sayori-fukabori/","/points/sayori-fukabori/","◎",,"観測外・予防的",""
"E 移行途中パス(全記事)","/points/fukabori/seabass-season-fukabori/","/points/seabass-season-fukabori/","◎",,"観測外・予防的",""
"E 移行途中パス(全記事)","/points/fukabori/tako-fukabori/","/points/tako-fukabori/","◎",,"観測外・予防的",""
"E 移行途中パス(全記事)","/points/fukabori/wading-seabass-fukabori/","/points/wading-seabass-fukabori/","◎",,"観測外・予防的",""
"E 移行途中パス(全記事)","/points/naka/aeontown-kosai/","/points/aeontown-kosai/","◎",,"観測外・予防的",""
"E 移行途中パス(全記事)","/points/naka/arai-nakanogo/","/points/arai-nakanogo/","◎",,"観測外・予防的",""
"E 移行途中パス(全記事)","/points/naka/gardenpark/","/points/gardenpark/","◎",,"観測外・予防的",""
"E 移行途中パス(全記事)","/points/naka/hamayu-ohashi/","/points/hamayu-ohashi/","◎",,"観測外・予防的",""
"E 移行途中パス(全記事)","/points/naka/higata-sitefishing/","/points/higata-sitefishing/","◎",,"観測外・予防的",""
"E 移行途中パス(全記事)","/points/naka/konankoukou/","/points/konankoukou/","◎",,"観測外・予防的",""
"E 移行途中パス(全記事)","/points/naka/matsumigaura/","/points/matsumigaura/","◎",,"観測外・予防的",""
"E 移行途中パス(全記事)","/points/naka/megaura/","/points/megaura/","◎",,"観測外・予防的",""
"E 移行途中パス(全記事)","/points/naka/murakushi-fishing-port/","/points/murakushi-fishing-port/","◎",,"観測外・予防的",""
"E 移行途中パス(全記事)","/points/naka/murakushi-kaisuiyoku/","/points/murakushi-kaisuiyoku/","◎",,"観測外・予防的",""
"E 移行途中パス(全記事)","/points/naka/naka-hamanako-fishing-points/","/points/naka-hamanako-fishing-points/","◎",,"観測外・予防的",""
"E 移行途中パス(全記事)","/points/naka/omsolar/","/points/omsolar/","◎",,"観測外・予防的",""
"E 移行途中パス(全記事)","/points/naka/syotaijihana/","/points/syotaijihana/","◎",,"観測外・予防的",""
"E 移行途中パス(全記事)","/points/naka/utiyama-kaigan/","/points/utiyama-kaigan/","◎",,"観測外・予防的",""
"E 移行途中パス(全記事)","/points/naka/washidukou/","/points/washidukou/","◎",,"観測外・予防的",""
"E 移行途中パス(全記事)","/points/naka/yuto-yamazaki/","/points/yuto-yamazaki/","◎",,"観測外・予防的",""
"E 移行途中パス(全記事)","/points/oku/hanagawa/","/points/hanagawa/","◎",,"観測外・予防的",""
"E 移行途中パス(全記事)","/points/oku/hiramatsu/","/points/hiramatsu/","◎",,"観測外・予防的",""
"E 移行途中パス(全記事)","/points/oku/ime/","/points/ime/","◎",,"観測外・予防的",""
"E 移行途中パス(全記事)","/points/oku/ina/","/points/ina/","◎",,"観測外・予防的",""
"E 移行途中パス(全記事)","/points/oku/inahako/","/points/inahako/","◎",,"観測外・予防的",""
"E 移行途中パス(全記事)","/points/oku/isajigawa/","/points/isajigawa/","◎",,"観測外・予防的",""
"E 移行途中パス(全記事)","/points/oku/kanzanji/","/points/kanzanji/","◎",,"観測外・予防的",""
"E 移行途中パス(全記事)","/points/oku/kiga/","/points/kiga/","◎",,"観測外・予防的",""
"E 移行途中パス(全記事)","/points/oku/kohitomi-boat/","/points/kohitomi-boat/","◎",,"観測外・予防的",""
"E 移行途中パス(全記事)","/points/oku/kyowa-boat/","/points/kyowa-boat/","◎",,"観測外・予防的",""
"E 移行途中パス(全記事)","/points/oku/lakesideway/","/points/lakesideway/","◎",,"観測外・予防的",""
"E 移行途中パス(全記事)","/points/oku/mikkabi-eki/","/points/mikkabi-eki/","◎",,"観測外・予防的",""
"E 移行途中パス(全記事)","/points/oku/miyakodagawa/","/points/miyakodagawa/","◎",,"観測外・予防的",""
"E 移行途中パス(全記事)","/points/oku/oku-hamanako-fishing-points/","/points/oku-hamanako-fishing-points/","◎",,"観測外・予防的",""
"E 移行途中パス(全記事)","/points/oku/photonics-under/","/points/photonics-under/","◎",,"観測外・予防的",""
"E 移行途中パス(全記事)","/points/oku/pokochan-coast/","/points/pokochan-coast/","◎",,"観測外・予防的",""
"E 移行途中パス(全記事)","/points/oku/sahama-hakusan/","/points/sahama-hakusan/","◎",,"観測外・予防的",""
"E 移行途中パス(全記事)","/points/oku/sakujyoseki/","/points/sakujyoseki/","◎",,"観測外・予防的",""
"E 移行途中パス(全記事)","/points/oku/sakumekaigan/","/points/sakumekaigan/","◎",,"観測外・予防的",""
"E 移行途中パス(全記事)","/points/oku/setosuidou/","/points/setosuidou/","◎",,"観測外・予防的",""
"E 移行途中パス(全記事)","/points/oku/shimo-ona/","/points/shimo-ona/","◎",,"観測外・予防的",""
"E 移行途中パス(全記事)","/points/oku/shiras-boat/","/points/shiras-boat/","◎",,"観測外・予防的",""
"E 移行途中パス(全記事)","/points/oku/sunza/","/points/sunza/","◎",,"観測外・予防的",""
"E 移行途中パス(全記事)","/points/oku/syounaiko/","/points/syounaiko/","◎",,"観測外・予防的",""
"E 移行途中パス(全記事)","/points/oku/tsuzusaki/","/points/tsuzusaki/","◎",,"観測外・予防的",""
"E 移行途中パス(全記事)","/points/oku/waji-boat/","/points/waji-boat/","◎",,"観測外・予防的",""
"E 移行途中パス(全記事)","/points/omote/amihosiba/","/points/amihosiba/","◎",,"観測外・予防的",""
"E 移行途中パス(全記事)","/points/omote/araibenten-umiduripark/","/points/araibenten-umiduripark/","◎",,"観測外・予防的",""
"E 移行途中パス(全記事)","/points/omote/bentenjimakaihinkouen/","/points/bentenjimakaihinkouen/","◎",,"観測外・予防的",""
"E 移行途中パス(全記事)","/points/omote/boatrace-hamanako/","/points/boatrace-hamanako/","◎",,"観測外・予防的",""
"E 移行途中パス(全記事)","/points/omote/imagiremaisakatei/","/points/imagiremaisakatei/","◎",,"観測外・予防的",""
"E 移行途中パス(全記事)","/points/omote/kangetsuen/","/points/kangetsuen/","◎",,"観測外・予防的",""
"E 移行途中パス(全記事)","/points/omote/nagisaen/","/points/nagisaen/","◎",,"観測外・予防的",""
"E 移行途中パス(全記事)","/points/omote/nakanoshima/","/points/nakanoshima/","◎",,"観測外・予防的",""
"E 移行途中パス(全記事)","/points/omote/omote-hamanako-fishing-points/","/points/omote-hamanako-fishing-points/","◎",,"観測外・予防的",""
"E 移行途中パス(全記事)","/points/omote/otomeen/","/points/otomeen/","◎",,"観測外・予防的",""
"E 移行途中パス(全記事)","/points/omote/parkvillege/","/points/parkvillege/","◎",,"観測外・予防的",""
"E 移行途中パス(全記事)","/points/omote/sakuramaru/","/points/sakuramaru/","◎",,"観測外・予防的",""
"E 移行途中パス(全記事)","/points/omote/shinkawa-kakou/","/points/shinkawa-kakou/","◎",,"観測外・予防的",""
"E 移行途中パス(全記事)","/points/omote/sunaageba/","/points/sunaageba/","◎",,"観測外・予防的",""
"E 移行途中パス(全記事)","/blog/season/01-january-kasago/","/blog/01-january-kasago/","◎",,"観測外・予防的",""
"E 移行途中パス(全記事)","/blog/season/11-november-karei/","/blog/11-november-karei/","◎",,"観測外・予防的",""
"E 移行途中パス(全記事)","/blog/season/12-december-chinta/","/blog/12-december-chinta/","◎",,"観測外・予防的",""
"E 移行途中パス(全記事)","/blog/season/bachinuke-season-forecast-2026/","/blog/bachinuke-season-forecast-2026/","◎",,"観測外・予防的",""
"E 移行途中パス(全記事)","/blog/season/golden-week-hamanako-fishing/","/blog/golden-week-hamanako-fishing/","◎",,"観測外・予防的",""
"E 移行途中パス(全記事)","/blog/season/hamanako-karei-fishing-season-opener/","/blog/hamanako-karei-fishing-season-opener/","◎",,"観測外・予防的",""
"E 移行途中パス(全記事)","/blog/season/monthly/1-month/","/blog/1-month/","◎",,"観測外・予防的",""
"E 移行途中パス(全記事)","/blog/season/monthly/10-month/","/blog/10-month/","◎",,"観測外・予防的",""
"E 移行途中パス(全記事)","/blog/season/monthly/11-month/","/blog/11-month/","◎",,"観測外・予防的",""
"E 移行途中パス(全記事)","/blog/season/monthly/12-month/","/blog/12-month/","◎",,"観測外・予防的",""
"E 移行途中パス(全記事)","/blog/season/monthly/2-month/","/blog/2-month/","◎",,"観測外・予防的",""
"E 移行途中パス(全記事)","/blog/season/monthly/3-month/","/blog/3-month/","◎",,"観測外・予防的",""
"E 移行途中パス(全記事)","/blog/season/monthly/4-month/","/blog/4-month/","◎",,"観測外・予防的",""
"E 移行途中パス(全記事)","/blog/season/monthly/5-month/","/blog/5-month/","◎",,"観測外・予防的",""
"E 移行途中パス(全記事)","/blog/season/monthly/6-month/","/blog/6-month/","◎",,"観測外・予防的",""
"E 移行途中パス(全記事)","/blog/season/monthly/7-month/","/blog/7-month/","◎",,"観測外・予防的",""
"E 移行途中パス(全記事)","/blog/season/monthly/8-month/","/blog/8-month/","◎",,"観測外・予防的",""
"E 移行途中パス(全記事)","/blog/season/monthly/9-month/","/blog/9-month/","◎",,"観測外・予防的",""
"E 移行途中パス(全記事)","/blog/season/seasonal-patterns-guide/","/blog/seasonal-patterns-guide/","◎",,"観測外・予防的",""
"E 移行途中パス(全記事)","/blog/season/weekly-2026-03-29/","/blog/weekly-report-2026-03-29/","◎",,"観測外・予防的",""
"E 移行途中パス(全記事)","/blog/season/weekly-2026-04-02/","/blog/weekly-report-2026-04-02/","◎",,"観測外・予防的",""
"E 移行途中パス(全記事)","/blog/season/weekly-2026-04-09/","/blog/weekly-report-2026-04-09/","◎",,"観測外・予防的",""
"E 移行途中パス(全記事)","/blog/season/winter-anazuri-guide-2026/","/blog/winter-anazuri-guide-2026/","◎",,"観測外・予防的",""
"E 移行途中パス(全記事)","/blog/season/yearly-fishing-calendar/","/blog/yearly-fishing-calendar/","◎",,"観測外・予防的",""
"E 移行途中パス(全記事)","/blog/target/aji-saba-sappa/beginner/","/blog/aji-saba-sappa-beginner/","◎",,"観測外・予防的",""
"E 移行途中パス(全記事)","/blog/target/aji-saba-sappa/cooking/","/blog/aji-saba-sappa-cooking/","◎",,"観測外・予防的",""
"E 移行途中パス(全記事)","/blog/target/aji-saba-sappa/","/blog/aji-saba-sappa/","◎",,"観測外・予防的",""
"E 移行途中パス(全記事)","/blog/target/aji-saba-sappa/points/","/blog/aji-saba-sappa-points/","◎",,"観測外・予防的",""
"E 移行途中パス(全記事)","/blog/target/aji-saba-sappa/sabiki-guide/","/blog/sabiki-guide/","◎",,"観測外・予防的",""
"E 移行途中パス(全記事)","/blog/target/aji-saba-sappa/tactics/","/blog/aji-saba-sappa-tactics/","◎",,"観測外・予防的",""
"E 移行途中パス(全記事)","/blog/target/aji-saba-sappa/tactics/sabiki-set-comparison/","/blog/sabiki-set-comparison/","◎",,"観測外・予防的",""
"E 移行途中パス(全記事)","/blog/target/eging/aori-guide/","/blog/aori-guide/","◎",,"観測外・予防的",""
"E 移行途中パス(全記事)","/blog/target/eging/beginner/","/blog/eging-beginner/","◎",,"観測外・予防的",""
"E 移行途中パス(全記事)","/blog/target/eging/cooking/","/blog/eging-cooking/","◎",,"観測外・予防的",""
"E 移行途中パス(全記事)","/blog/target/eging/","/blog/eging/","◎",,"観測外・予防的",""
"E 移行途中パス(全記事)","/blog/target/eging/points/","/blog/eging-points/","◎",,"観測外・予防的",""
"E 移行途中パス(全記事)","/blog/target/eging/squid-complete/","/blog/squid-complete/","◎",,"観測外・予防的",""
"E 移行途中パス(全記事)","/blog/target/eging/tactics/","/blog/eging-tactics/","◎",,"観測外・予防的",""
"E 移行途中パス(全記事)","/blog/target/flatfish/beginner/","/blog/flatfish-beginner/","◎",,"観測外・予防的",""
"E 移行途中パス(全記事)","/blog/target/flatfish/cooking/","/blog/flatfish-cooking/","◎",,"観測外・予防的",""
"E 移行途中パス(全記事)","/blog/target/flatfish/","/blog/flatfish/","◎",,"観測外・予防的",""
"E 移行途中パス(全記事)","/blog/target/flatfish/november-guide/","/blog/november-guide/","◎",,"観測外・予防的",""
"E 移行途中パス(全記事)","/blog/target/flatfish/points/bentenjima/","/blog/bentenjima/","◎",,"観測外・予防的",""
"E 移行途中パス(全記事)","/blog/target/flatfish/points/","/blog/flatfish-points/","◎",,"観測外・予防的",""
"E 移行途中パス(全記事)","/blog/target/flatfish/tactics/","/blog/flatfish-tactics/","◎",,"観測外・予防的",""
"E 移行途中パス(全記事)","/blog/target/haze/beginner/hazekura-gear/","/blog/hazekura-gear/","◎",,"観測外・予防的",""
"E 移行途中パス(全記事)","/blog/target/haze/beginner/hazekura-intro/","/blog/hazekura-intro/","◎",,"観測外・予防的",""
"E 移行途中パス(全記事)","/blog/target/haze/beginner/","/blog/haze-beginner/","◎",,"観測外・予防的",""
"E 移行途中パス(全記事)","/blog/target/haze/cooking/","/blog/haze-cooking/","◎",,"観測外・予防的",""
"E 移行途中パス(全記事)","/blog/target/haze/","/blog/haze/","◎",,"観測外・予防的",""
"E 移行途中パス(全記事)","/blog/target/haze/points/","/blog/haze-points/","◎",,"観測外・予防的",""
"E 移行途中パス(全記事)","/blog/target/haze/season/august-hazekura/","/blog/august-hazekura/","◎",,"観測外・予防的",""
"E 移行途中パス(全記事)","/blog/target/haze/season/november-ochihaze/","/blog/november-ochihaze/","◎",,"観測外・予防的",""
"E 移行途中パス(全記事)","/blog/target/haze/tactics/","/blog/haze-tactics/","◎",,"観測外・予防的",""
"E 移行途中パス(全記事)","/blog/target/karei/beginner/","/blog/karei-beginner/","◎",,"観測外・予防的",""
"E 移行途中パス(全記事)","/blog/target/karei/cooking/","/blog/karei-cooking/","◎",,"観測外・予防的",""
"E 移行途中パス(全記事)","/blog/target/karei/","/blog/karei/","◎",,"観測外・予防的",""
"E 移行途中パス(全記事)","/blog/target/karei/kareing/","/blog/kareing/","◎",,"観測外・予防的",""
"E 移行途中パス(全記事)","/blog/target/karei/points/","/blog/karei-points/","◎",,"観測外・予防的",""
"E 移行途中パス(全記事)","/blog/target/karei/season/spring-hanami-karei/","/blog/spring-hanami-karei/","◎",,"観測外・予防的",""
"E 移行途中パス(全記事)","/blog/target/karei/tactics/","/blog/karei-tactics/","◎",,"観測外・予防的",""
"E 移行途中パス(全記事)","/blog/target/kawahagi/beginner/","/blog/kawahagi-beginner/","◎",,"観測外・予防的",""
"E 移行途中パス(全記事)","/blog/target/kawahagi/boat-guide/","/blog/kawahagi-boat-guide/","◎",,"観測外・予防的",""
"E 移行途中パス(全記事)","/blog/target/kawahagi/cooking/","/blog/kawahagi-cooking/","◎",,"観測外・予防的",""
"E 移行途中パス(全記事)","/blog/target/kawahagi/","/blog/kawahagi/","◎",,"観測外・予防的",""
"E 移行途中パス(全記事)","/blog/target/kawahagi/points/","/blog/kawahagi-points/","◎",,"観測外・予防的",""
"E 移行途中パス(全記事)","/blog/target/kawahagi/tactics/","/blog/kawahagi-tactics/","◎",,"観測外・予防的",""
"E 移行途中パス(全記事)","/blog/target/kibire/beginner/","/blog/kibire-beginner/","◎",,"観測外・予防的",""
"E 移行途中パス(全記事)","/blog/target/kibire/comparison/","/blog/comparison/","◎",,"観測外・予防的",""
"E 移行途中パス(全記事)","/blog/target/kibire/cooking/","/blog/kibire-cooking/","◎",,"観測外・予防的",""
"E 移行途中パス(全記事)","/blog/target/kibire/","/blog/kibire/","◎",,"観測外・予防的",""
"E 移行途中パス(全記事)","/blog/target/kibire/points/","/blog/kibire-points/","◎",,"観測外・予防的",""
"E 移行途中パス(全記事)","/blog/target/kibire/tactics/","/blog/kibire-tactics/","◎",,"観測外・予防的",""
"E 移行途中パス(全記事)","/blog/target/kisu/beginner/","/blog/kisu-beginner/","◎",,"観測外・予防的",""
"E 移行途中パス(全記事)","/blog/target/kisu/cooking/","/blog/kisu-cooking/","◎",,"観測外・予防的",""
"E 移行途中パス(全記事)","/blog/target/kisu/","/blog/kisu/","◎",,"観測外・予防的",""
"E 移行途中パス(全記事)","/blog/target/kisu/points/","/blog/kisu-points/","◎",,"観測外・予防的",""
"E 移行途中パス(全記事)","/blog/target/kisu/points-top5/","/blog/points-top5/","◎",,"観測外・予防的",""
"E 移行途中パス(全記事)","/blog/target/kisu/season/may-fishing/","/blog/may-fishing/","◎",,"観測外・予防的",""
"E 移行途中パス(全記事)","/blog/target/kisu/season/may-fishing-top5/","/blog/may-fishing-top5/","◎",,"観測外・予防的",""
"E 移行途中パス(全記事)","/blog/target/kisu/season/seasonal-guide/","/blog/seasonal-guide/","◎",,"観測外・予防的",""
"E 移行途中パス(全記事)","/blog/target/kisu/tactics/","/blog/kisu-tactics/","◎",,"観測外・予防的",""
"E 移行途中パス(全記事)","/blog/target/kurodai/beginner/","/blog/kurodai-beginner/","◎",,"観測外・予防的",""
"E 移行途中パス(全記事)","/blog/target/kurodai/boke-bait-tackle/","/blog/boke-bait-tackle/","◎",,"観測外・予防的",""
"E 移行途中パス(全記事)","/blog/target/kurodai/cooking/","/blog/kurodai-cooking/","◎",,"観測外・予防的",""
"E 移行途中パス(全記事)","/blog/target/kurodai/fukase-nimaishio-logic/","/blog/fukase-nimaishio-logic/","◎",,"観測外・予防的",""
"E 移行途中パス(全記事)","/blog/target/kurodai/","/blog/kurodai/","◎",,"観測外・予防的",""
"E 移行途中パス(全記事)","/blog/target/kurodai/points/","/blog/kurodai-points/","◎",,"観測外・予防的",""
"E 移行途中パス(全記事)","/blog/target/kurodai/season/chinu-nokkomi-bait/","/blog/chinu-nokkomi-bait/","◎",,"観測外・予防的",""
"E 移行途中パス(全記事)","/blog/target/kurodai/season/spring-nokkomi-guide/","/blog/spring-nokkomi-guide/","◎",,"観測外・予防的",""
"E 移行途中パス(全記事)","/blog/target/kurodai/season/winter-tactics/","/blog/winter-tactics/","◎",,"観測外・予防的",""
"E 移行途中パス(全記事)","/blog/target/kurodai/tactics/chinutop-lures/","/blog/chinutop-lures/","◎",,"観測外・予防的",""
"E 移行途中パス(全記事)","/blog/target/kurodai/tactics/","/blog/kurodai-tactics/","◎",,"観測外・予防的",""
"E 移行途中パス(全記事)","/blog/target/magochi/tactics/magochi-bottom-wind/","/blog/magochi-bottom-wind/","◎",,"観測外・予防的",""
"E 移行途中パス(全記事)","/blog/target/mebaru-kasago/beginner/","/blog/mebaru-kasago-beginner/","◎",,"観測外・予防的",""
"E 移行途中パス(全記事)","/blog/target/mebaru-kasago/cooking/","/blog/mebaru-kasago-cooking/","◎",,"観測外・予防的",""
"E 移行途中パス(全記事)","/blog/target/mebaru-kasago/","/blog/mebaru-kasago/","◎",,"観測外・予防的",""
"E 移行途中パス(全記事)","/blog/target/mebaru-kasago/kasago-guide/","/blog/kasago-guide/","◎",,"観測外・予防的",""
"E 移行途中パス(全記事)","/blog/target/mebaru-kasago/mebaru-beginner/","/blog/mebaru-beginner/","◎",,"観測外・予防的",""
"E 移行途中パス(全記事)","/blog/target/mebaru-kasago/points/amihoshiba/","/blog/amihoshiba/","◎",,"観測外・予防的",""
"E 移行途中パス(全記事)","/blog/target/mebaru-kasago/points/","/blog/mebaru-kasago-points/","◎",,"観測外・予防的",""
"E 移行途中パス(全記事)","/blog/target/mebaru-kasago/tactics/","/blog/mebaru-kasago-tactics/","◎",,"観測外・予防的",""
"E 移行途中パス(全記事)","/blog/target/mebaru-kasago/winter-kasago/","/blog/winter-kasago/","◎",,"観測外・予防的",""
"E 移行途中パス(全記事)","/blog/target/mejina/beginner/","/blog/mejina-beginner/","◎",,"観測外・予防的",""
"E 移行途中パス(全記事)","/blog/target/mejina/cooking/","/blog/mejina-cooking/","◎",,"観測外・予防的",""
"E 移行途中パス(全記事)","/blog/target/mejina/","/blog/mejina/","◎",,"観測外・予防的",""
"E 移行途中パス(全記事)","/blog/target/mejina/points/","/blog/mejina-points/","◎",,"観測外・予防的",""
"E 移行途中パス(全記事)","/blog/target/mejina/tactics/","/blog/mejina-tactics/","◎",,"観測外・予防的",""
"E 移行途中パス(全記事)","/blog/target/sayori/beginner/sayori-beginner-guide/","/blog/sayori-beginner-guide/","◎",,"観測外・予防的",""
"E 移行途中パス(全記事)","/blog/target/sayori/boat-guide/","/blog/sayori-boat-guide/","◎",,"観測外・予防的",""
"E 移行途中パス(全記事)","/blog/target/sayori/cooking/","/blog/sayori-cooking/","◎",,"観測外・予防的",""
"E 移行途中パス(全記事)","/blog/target/sayori/","/blog/sayori/","◎",,"観測外・予防的",""
"E 移行途中パス(全記事)","/blog/target/sayori/season/april-guide/","/blog/april-guide/","◎",,"観測外・予防的",""
"E 移行途中パス(全記事)","/blog/target/sayori/season/large-sayori-guide/","/blog/large-sayori-guide/","◎",,"観測外・予防的",""
"E 移行途中パス(全記事)","/blog/target/sayori/tactics/uragake-gear/","/blog/urayasu-choho/","◎",,"観測外・予防的",""
"E 移行途中パス(全記事)","/blog/target/seabass/bachinuke-forecast/","/blog/bachinuke-forecast/","◎",,"観測外・予防的",""
"E 移行途中パス(全記事)","/blog/target/seabass/bachinuke-lures/","/blog/bachinuke-lures/","◎",,"観測外・予防的",""
"E 移行途中パス(全記事)","/blog/target/seabass/bachinuke-prep/","/blog/bachinuke-prep/","◎",,"観測外・予防的",""
"E 移行途中パス(全記事)","/blog/target/seabass/bachinuke-spots-yore/","/blog/bachinuke-spots-yore/","◎",,"観測外・予防的",""
"E 移行途中パス(全記事)","/blog/target/seabass/bachinuke-tackle/","/blog/bachinuke-tackle/","◎",,"観測外・予防的",""
"E 移行途中パス(全記事)","/blog/target/seabass/beginner/","/blog/seabass-beginner/","◎",,"観測外・予防的",""
"E 移行途中パス(全記事)","/blog/target/seabass/cooking/","/blog/seabass-cooking/","◎",,"観測外・予防的",""
"E 移行途中パス(全記事)","/blog/target/seabass/","/blog/seabass/","◎",,"観測外・予防的",""
"E 移行途中パス(全記事)","/blog/target/seabass/points/","/blog/seabass-points/","◎",,"観測外・予防的",""
"E 移行途中パス(全記事)","/blog/target/seabass/season/autumn-guide/","/blog/autumn-guide/","◎",,"観測外・予防的",""
"E 移行途中パス(全記事)","/blog/target/seabass/season/haku-pattern/","/blog/haku-pattern/","◎",,"観測外・予防的",""
"E 移行途中パス(全記事)","/blog/target/seabass/season/haku-sasuke/","/blog/haku-sasuke/","◎",,"観測外・予防的",""
"E 移行途中パス(全記事)","/blog/target/seabass/season/winter-lunker/","/blog/winter-lunker/","◎",,"観測外・予防的",""
"E 移行途中パス(全記事)","/blog/target/seabass/season/winter-shinp-strategy/","/blog/winter-shinp-strategy/","◎",,"観測外・予防的",""
"E 移行途中パス(全記事)","/blog/target/seabass/tactics/","/blog/seabass-tactics/","◎",,"観測外・予防的",""
"E 移行途中パス(全記事)","/blog/target/seabass/tactics/sayori-pattern/","/blog/sayori-pattern/","◎",,"観測外・予防的",""
"E 移行途中パス(全記事)","/blog/target/tako/beginner/","/blog/tako-beginner/","◎",,"観測外・予防的",""
"E 移行途中パス(全記事)","/blog/target/tako/cooking/","/blog/tako-cooking/","◎",,"観測外・予防的",""
"E 移行途中パス(全記事)","/blog/target/tako/guide-2025/","/blog/tako-kanzen-guide/","◎",,"観測外・予防的",""
"E 移行途中パス(全記事)","/blog/target/tako/","/blog/tako/","◎",,"観測外・予防的",""
"E 移行途中パス(全記事)","/blog/target/tako/points/","/blog/tako-points/","◎",,"観測外・予防的",""
"E 移行途中パス(全記事)","/blog/target/tako/season/early-summer/","/blog/early-summer/","◎",,"観測外・予防的",""
"E 移行途中パス(全記事)","/blog/target/tako/season/june-tako-opening/","/blog/june-tako-opening/","◎",,"観測外・予防的",""
"E 移行途中パス(全記事)","/blog/target/tako/tactics/","/blog/tako-tactics/","◎",,"観測外・予防的",""