URL,表示回数,CTR,掲載順位
https://cho-hamanako.info/blog/cooking/kurodai-shioyaki-recipe/,60,0%,10.55
https://cho-hamanako.info/blog/guide/theory/hamanako-weather-vs-hamamatsu/,59,0%,7.56
https://cho-hamanako.info/blog/target/,56,0%,15.86
https://cho-hamanako.info/blog/eging-cooking/,51,0%,34.8
https://cho-hamanako.info/blog/haze/,43,0%,10.19
https://cho-hamanako.info/blog/,40,0%,41.92
https://cho-hamanako.info/blog/flatfish-cooking/,36,0%,14.42
https://cho-hamanako.info/blog/weekly-report-2026-04-02/,34,0%,9.26
https://cho-hamanako.info/blog/kurodai-cooking/,34,0%,18.41
https://cho-hamanako.info/blog/aji-saba-sappa/,30,0%,7.43
https://cho-hamanako.info/blog/tako-cooking/,30,0%,7.57
https://cho-hamanako.info/blog/comparison/,27,0%,9.81
https://cho-hamanako.info/blog/tako-tactics/,24,0%,7.71
https://cho-hamanako.info/points/sunza/,23,0%,7.61
https://cho-hamanako.info/blog/cooking/beginner/koaji-karaage-recipe/,23,0%,9.22
https://cho-hamanako.info/points/washidukou/,22,0%,6.14
https://cho-hamanako.info/blog/cooking/nezakana-nitsuke-recipe/,22,0%,10.32
https://cho-hamanako.info/blog/anazuri/,21,0%,10.57
https://cho-hamanako.info/points/bachinuke-fukabori/,18,0%,4.83
https://cho-hamanako.info/blog/mebaru-kasago-cooking/,17,0%,11.53
https://cho-hamanako.info/blog/november-guide/,16,0%,6.81
https://cho-hamanako.info/blog/guide/theory/feeding-switch/,16,0%,7.06
https://cho-hamanako.info/points/waji-boat/,16,0%,10.75
https://cho-hamanako.info/blog/karei-tactics/,15,0%,10
https://cho-hamanako.info/blog/travel/hamanako-clam-digging-fishing-2026/,13,0%,8.23
https://cho-hamanako.info/points/bentenjimakaihinkouen/,13,0%,8.62
https://cho-hamanako.info/blog/hamana-depth-map-guide/,13,0%,8.85
https://cho-hamanako.info/blog/mebaru-kasago-points/,12,0%,8
https://cho-hamanako.info/blog/guide/theory/mazume-logic/,12,0%,9.58
https://cho-hamanako.info/blog/guide/theory/dissolved-oxygen/,12,0%,10
https://cho-hamanako.info/blog/karei-beginner/,11,0%,7.73
https://cho-hamanako.info/blog/5-month/,11,0%,13.45
https://cho-hamanako.info/blog/golden-week-hamanako-fishing,10,0%,13.4
https://cho-hamanako.info/points/kohitomi-boat/,8,0%,5.5
https://cho-hamanako.info/blog/eging/,8,0%,8
https://cho-hamanako.info/blog/flatfish-tactics/,8,0%,8.62
https://cho-hamanako.info/blog/okuhamanako-haze-fishing,7,0%,5.57
https://cho-hamanako.info/points/sakuramaru/,7,0%,6.43
https://cho-hamanako.info/blog/mejina-beginner/,7,0%,8.43
https://cho-hamanako.info/blog/kawahagi-beginner/,7,0%,8.57
https://cho-hamanako.info/blog/guide/theory/area-strategy-theory/,7,0%,15.14
https://cho-hamanako.info/blog/tako-beginner/,6,0%,6
https://cho-hamanako.info/blog/water-temperature-logic/,6,0%,7.5
https://cho-hamanako.info/points/kyowa-boat/,6,0%,8.83
https://cho-hamanako.info/points/mio-suji-area-fukabori,6,0%,9.5
https://cho-hamanako.info/blog/bachinuke-season-forecast-2026/,6,0%,11
https://cho-hamanako.info/blog/guide/theory/nokkomi-season/,5,0%,5
https://cho-hamanako.info/points/isajigawa,5,0%,7.2
https://cho-hamanako.info/blog/guide/theory/structure-theory/,5,0%,7.6
https://cho-hamanako.info/blog/kibire-tactics/,5,0%,9.2
https://cho-hamanako.info/blog/november-guide,5,0%,9.4
https://cho-hamanako.info/blog/amihoshiba/,5,0%,9.8
https://cho-hamanako.info/blog/cooking/karei-nitsuke-recipe/,5,0%,29.8
https://cho-hamanako.info/blog/haku-pattern/,4,0%,7.75
https://cho-hamanako.info/blog/karei/,4,0%,10
https://cho-hamanako.info/blog/bachinuke-forecast/,4,0%,10.25
https://cho-hamanako.info/blog/travel/kanzanji-fishing-walk-guide/,3,0%,5.33
https://cho-hamanako.info/points/imagiremaisakatei,3,0%,6.33
https://cho-hamanako.info/blog/12-december-chinta/,3,0%,7
https://cho-hamanako.info/blog/sayori-cooking/,3,0%,7.67
https://cho-hamanako.info/points/kisu-fukabori/,3,0%,7.67
https://cho-hamanako.info/blog/bachinuke-tackle/,3,0%,18.67
https://cho-hamanako.info/points/syotaijihana,2,0%,1
https://cho-hamanako.info/blog/karei-cooking/,2,0%,3.5
https://cho-hamanako.info/points/sahama-hakusan/,2,0%,4.5
https://cho-hamanako.info/points/magochi-fukabori,2,0%,5
https://cho-hamanako.info/blog/kawahagi-points,2,0%,5.5
https://cho-hamanako.info/blog/haze-beginner/,2,0%,7
https://cho-hamanako.info/blog/kurodai-complete-guide,2,0%,7
https://cho-hamanako.info/blog/travel/omote-area-travel/,2,0%,7.5
https://cho-hamanako.info/blog/tako,2,0%,8
https://cho-hamanako.info/blog/august-hazekura,2,0%,8.5
https://cho-hamanako.info/blog/eging-points/,2,0%,9
https://cho-hamanako.info/blog/travel/kanzanji-fishing-walk-guide,2,0%,16
https://cho-hamanako.info/points/mio-suji-area-fukabori/,2,0%,16
https://cho-hamanako.info/blog/haze,2,0%,27.5
https://cho-hamanako.info/blog/method-kayaking-intro/,1,0%,4
https://cho-hamanako.info/blog/night-seabass,1,0%,5
https://cho-hamanako.info/points/omsolar/,1,0%,6
https://cho-hamanako.info/blog/eging-beginner/,1,0%,7
https://cho-hamanako.info/blog/12-month/,1,0%,9
https://cho-hamanako.info/blog/travel/hamanako-march-gourmet-shirasu-sayori,1,0%,10
https://cho-hamanako.info/blog/travel/hamanako-march-gourmet-shirasu-sayori/,1,0%,10
https://cho-hamanako.info/blog/mebaru-kasago-tactics/,1,0%,12
https://cho-hamanako.info/points/utiyama-kaigan,1,0%,21
