上位のクエリ,クリック数,表示回数,CTR,掲載順位
浜名湖 漁業権,45,170,26.47%,2.96
浜名湖 釣り禁止,38,150,25.33%,2.01
浜名 湖 タコ 釣り 2026,31,211,14.69%,5.36
浜名湖 釣り 車 横付け,31,101,30.69%,2.32
新居海釣り公園 ライブカメラ,26,785,3.31%,6.36
浜名湖釣り 車 横付け,26,172,15.12%,3.96
浜名湖 釣り禁止エリア,24,68,35.29%,2.25
浜名湖レンタルボート免許不要,19,80,23.75%,4.49
浜名湖釣り禁止エリア,17,55,30.91%,2.44
女河浦海水浴場,14,297,4.71%,8.53
渚園 釣り,14,81,17.28%,5.59
浜名湖 釣り車 横付け,14,49,28.57%,2.1
浜名湖タコ釣り 2026,12,150,8%,6.12
ポコちゃん海岸,12,68,17.65%,3.06
浜名湖 海釣り公園 ライブカメラ,11,212,5.19%,5.96
舞阪漁港 釣り禁止,11,103,10.68%,4.5
渚園 釣り ポイント,10,53,18.87%,5.47
浜名湖 穴釣り,10,47,21.28%,5.04
弁天流し釣り,7,118,5.93%,4.99
新居弁天海釣公園 ライブカメラ,7,113,6.19%,6.64
浜名湖 渚園 釣り,7,52,13.46%,5.71
浜名湖 タコ釣り 2026,6,62,9.68%,5.89
浜名湖 釣り餌 自販機,6,15,40%,2.27
浜名湖海釣り公園 ライブカメラ,5,120,4.17%,5.75
今切口 釣り禁止,5,80,6.25%,7.86
中之島 浜名湖,5,61,8.2%,7.31
浜名湖釣り禁止,5,40,12.5%,2.5
乙女園公園 釣り,5,27,18.52%,8.93
浜名湖 7月 釣り,5,26,19.23%,2.96
浜名湖 中之島,4,116,3.45%,7.27
海釣り公園 ライブカメラ,4,113,3.54%,6.92
舞阪漁港 釣り,4,81,4.94%,10.23
今切口 舞阪堤,4,79,5.06%,6.34
浜名湖 エギング,4,70,5.71%,10.1
浜名湖 タコ 漁業権,4,32,12.5%,6.31
浜名湖タコ釣りポイント,4,24,16.67%,9.21
浜名湖今 切口 釣り禁止,3,149,2.01%,8.99
集魚灯 浜名湖,3,83,3.61%,5.82
浜名湖 伊勢海老 漁業権,3,46,6.52%,8.46
浜名湖 漁業権 タコ,3,27,11.11%,6.81
新居海釣り公園 サビキ ポイント,3,19,15.79%,9.68
浜名湖 カヤック 出廷 場所,3,10,30%,3.2
浜名湖 カヤックフィッシング,3,7,42.86%,1.14
浜名湖 マゴチ ポイント,3,6,50%,19
浜名湖 ハゼ釣り 新川,3,5,60%,12.4
浜名湖アジング 常夜灯,2,84,2.38%,5.94
網干場,2,75,2.67%,10.15
弁天島海浜公園 釣り 禁止,2,62,3.23%,7.63
浜名湖タコ釣り 時期,2,52,3.85%,9.23
今 切口 釣り禁止,2,46,4.35%,8.67
浜名湖アジング 集魚灯,2,39,5.13%,6.74
女河浦,2,31,6.45%,6.35
猪鼻湖 釣り,2,26,7.69%,11.62
浜名湖 水深マップ,2,25,8%,8.52
浜名湖 キス釣り ポイント,2,23,8.7%,12.83
浜名湖 アジング ポイント,2,22,9.09%,11.09
浜名湖 乙女園 釣り,2,18,11.11%,7.61
浜名湖 タコ釣り,2,18,11.11%,19.5
浜名湖 タコ,2,11,18.18%,16.73
キビレ 料理,2,9,22.22%,12.78
浜名湖 中之島 シーバス,2,6,33.33%,7
浜名湖 水深図,2,5,40%,5
チヌトップ おすすめルアー,2,5,40%,16
浜名湖 ボート釣り,2,4,50%,30.75
浜名湖 集魚灯,1,77,1.3%,6.92
庄内湖,1,63,1.59%,9.97
キビレ レシピ,1,46,2.17%,10.57
浜名湖網干場,1,42,2.38%,9.36
雄踏総合公園 釣り,1,33,3.03%,10.79
浜名湖 レンタルボート,1,32,3.12%,24.91
舞阪港 釣り,1,31,3.23%,10.19
渚園 釣り場,1,30,3.33%,6.03
新居海釣り公園 青物 ポイント,1,28,3.57%,7.93
弁天島 釣り禁止,1,27,3.7%,7.7
浜名湖アジングポイント,1,26,3.85%,10.62
カレイング,1,21,4.76%,11.19
浜名湖 タコ釣り ポイント,1,18,5.56%,8.83
静岡 釣り場 車 横付け,1,18,5.56%,11.39
舞阪 サーフ 釣り禁止,1,16,6.25%,6.69
浜名湖レンタルボート おすすめ,1,15,6.67%,9.53
浜名湖 車海老 違法,1,14,7.14%,10.71
都田川 ハゼ釣り 時期,1,12,8.33%,7.25
浜名湖 ハゼ釣り 時期,1,12,8.33%,12.17
浜名湖 マゴチ,1,12,8.33%,12.5
弁天流し釣り 仕掛け,1,11,9.09%,6.18
浜名湖うなぎ釣りポイント,1,11,9.09%,9.18
浜名湖タコ釣り禁止,1,11,9.09%,9.64
浜名湖 中之島 釣り,1,10,10%,7
浜名湖レンタルボート,1,10,10%,24
村櫛 漁港 釣り禁止,1,9,11.11%,6.44
網干場 釣果,1,8,12.5%,9.25
浜名湖 チヌトップ ポイント,1,8,12.5%,9.62
車横付け 釣り,1,8,12.5%,16.38
渚園キャンプ場 釣り,1,7,14.29%,4.71
遠州灘 キス釣りポイント,1,7,14.29%,9.43
浜名湖 アジング,1,7,14.29%,26.57
浜名湖黒鯛ポイント,1,6,16.67%,9.83
表鷲津湖岸公園 釣り,1,6,16.67%,32.5
浜名 湖 釣り 禁止 エリア,1,5,20%,2
浜名湖釣り禁止 エリア,1,5,20%,3
浜名湖 青物 時期,1,5,20%,6.8
浜名湖シーバスポイント,1,5,20%,11
浜名湖 集魚灯 禁止,1,5,20%,15.8
タコ釣り 浜名湖,1,5,20%,17.8
浜名湖 ボート レンタル,1,5,20%,23.6
浜名湖 ハゼ,1,5,20%,30.6
浜名湖アジング ジグヘッド,1,4,25%,9.25
浜名湖 カワハギ,1,4,25%,16.75
浜名 湖 タコ 釣り ポイント,1,4,25%,31
マゴチ ワインド,1,4,25%,32.75
ハゼクラ ロッド,1,4,25%,36
弁天ジャムシ,1,3,33.33%,8.33
浜名湖イカ釣り,1,3,33.33%,10
遠州灘 キス釣り,1,3,33.33%,21.67
浜名湖 アジ サビキ,1,3,33.33%,23
浜名湖タコ釣り,1,3,33.33%,24.67
車横付けできる釣り場,1,2,50%,4.5
弁天島 キス釣り,1,2,50%,6
うなぎ観音 釣り禁止,1,2,50%,7.5
浜名湖 サヨリ 時期,1,2,50%,8.5
奥浜名湖 ハゼ ポイント,1,2,50%,9.5
カレイング 仕掛け,1,2,50%,13
新居弁天海釣公園 アジング,1,2,50%,16
浜名湖 船 レンタル,1,2,50%,23
これはどこ？,1,1,100%,1
浜名湖 ウェーディング ポイント,1,1,100%,2
釣りエサ自販機,1,1,100%,3
ボトムワインド ワーム,1,1,100%,23
静岡県 集魚灯,1,1,100%,33
佐鳴湖 うなぎ釣り,1,1,100%,42
新井弁天海釣り公園,1,1,100%,50
キビレ 食べ方,0,63,0%,10.78
浜名湖 網干場,0,58,0%,10.59
浜名湖ポイント,0,54,0%,7.57
釣り 浜名湖,0,48,0%,40
新居 弁天 海釣公園 ライブカメラ,0,46,0%,7.26
はまゆう大橋 無料 時間,0,39,0%,9.62
浜名湖 うなぎ釣り,0,38,0%,9.76
村櫛海水浴場,0,34,0%,7.24
猪鼻湖 釣り ポイント,0,31,0%,6.65
浜名湖クロダイ 仕掛け,0,25,0%,10.12
新居 海 釣り 公園 ライブ カメラ,0,24,0%,3.58
浜名湖 夜釣り ポイント,0,24,0%,9.96
浜名湖 釣り,0,24,0%,35.75
浜名湖 8月 釣り,0,23,0%,9.52
網干場 釣り,0,23,0%,11
舞阪亭,0,22,0%,25.32
浜名湖 釣り場 マップ,0,20,0%,8.35
キビレ 魚 食べ方,0,20,0%,10.4
都田川河口,0,18,0%,9
はまゆう大橋 夜間,0,16,0%,8.31
浜名湖うなぎ釣り,0,16,0%,9.69
浜名湖 うなぎ釣り ポイント,0,16,0%,12.12
松見ヶ浦,0,15,0%,9.33
浜名湖 カヤック,0,15,0%,18.6
浜名湖 海釣り公園,0,15,0%,34.53
キチヌ レシピ,0,14,0%,7.93
表浜名湖 釣り ポイント,0,14,0%,9.5
釣り餌 自販機 近く,0,13,0%,7.15
表浜名湖 ポイント,0,13,0%,8.69
浜名湖 タコ釣り 時期,0,13,0%,9.54
浜名湖 マゴチ 時期,0,13,0%,9.54
浜名湖 ポイント,0,12,0%,7.33
浜名湖中之島,0,12,0%,8.17
新居 弁天 海 釣 公園,0,12,0%,64.25
浜名湖 うなぎ観音 釣り,0,11,0%,6
中之島 釣り,0,11,0%,6.64
浜名湖稚鮎釣り禁止,0,11,0%,7.82
都田川 うなぎ釣り,0,11,0%,9.09
浜名湖 うなぎ 釣り,0,11,0%,9.73
浜名湖 アオリイカ ポイント,0,11,0%,10.27
新居海釣り公園 タコ釣り,0,11,0%,11.55
浜名 湖 釣り ポイント,0,11,0%,41.82
都田川 ハゼ釣り,0,10,0%,11.1
チニングワーム 夜,0,10,0%,11.5
浜名湖 釣り ポイント,0,10,0%,11.8
浜名湖 イカ釣り,0,10,0%,12.3
浜名湖 釣果,0,10,0%,33.4
浜名 湖 キス 釣り ポイント,0,10,0%,42.1
うなぎ観音 釣り,0,9,0%,6.67
海釣り公園ライブカメラ,0,9,0%,6.67
大橋屋 つり具 センター 営業 時間,0,9,0%,11.67
浜名湖 アオリイカ,0,9,0%,12.78
砂揚げ場,0,9,0%,14.11
浜松 釣り,0,9,0%,35.89
浜松 海釣り,0,9,0%,38.56
都田川 シーバス,0,8,0%,7.75
浜名湖 庄内湖,0,8,0%,8.5
浜名湖チヌトップ ポイント,0,8,0%,8.62
車が横付けできる釣り場,0,8,0%,9.5
網干場 アジング,0,8,0%,9.62
浜名湖 網干場 釣果,0,8,0%,9.75
舞阪漁港 釣果,0,8,0%,11.25
コウイカの食べ方,0,8,0%,44.12
浜名湖釣り情報,0,8,0%,49.38
弁天島 ライブカメラ,0,7,0%,6.29
浜名湖 網干場 水深,0,7,0%,6.71
村櫛海岸,0,7,0%,7.43
キビレ 美味しい食べ方,0,7,0%,10
浜名湖 カヤック 禁止,0,7,0%,11
コウイカ 食べ方,0,7,0%,48.43
表浜名湖とは,0,6,0%,2.5
浜名湖 アジング 集魚灯,0,6,0%,5.83
メジナ 料理 臭み,0,6,0%,10.33
乙女園 釣り,0,6,0%,10.5
今切口 ライブカメラ,0,6,0%,10.5
浜名湖 チヌ ポイント,0,6,0%,10.5
ボートレース浜名湖ポイント,0,6,0%,11
アジフライ 下味,0,6,0%,14.83
浜名 湖 キス 釣り,0,6,0%,38.17
新居弁天海釣公園 ポイント,0,5,0%,4.4
浜名湖 潮 釣り,0,5,0%,8.2
浜名湖 今切口 釣り禁止,0,5,0%,9
浜名湖 遊漁券,0,5,0%,9.2
キビレ 仕掛け,0,5,0%,9.6
浜名湖 ライブカメラ,0,5,0%,9.8
浜名湖 カサゴ ポイント,0,5,0%,10
浜名湖 内浦 釣り,0,5,0%,10.8
ボートレース浜名湖 ポイント,0,5,0%,11
浜名湖 六角堂 釣り禁止,0,5,0%,14
浜名湖 アジ 時期,0,5,0%,15.8
浜名湖アジング,0,5,0%,19.2
浜名湖 ハゼ釣り ポイント,0,5,0%,19.6
冷凍アジフライ 揚げ方,0,5,0%,36.6
新居海釣り公園,0,5,0%,46.4
ハゼ ルアー,0,5,0%,51.6
浜名 湖 チニング ポイント,0,5,0%,58.4
松見ヶ浦 釣り,0,4,0%,8
7月 サビキ釣り,0,4,0%,8.5
新居海釣り公園 常夜灯,0,4,0%,8.75
メジナ 磯臭い,0,4,0%,10
新居弁天海釣公園 タコ釣り,0,4,0%,10.25
車を横付けできる 釣り場,0,4,0%,10.25
浜松 うなぎ釣り ポイント,0,4,0%,11
浜名湖レンタルボート 安い,0,4,0%,11.5
浜名湖 サビキ釣り,0,4,0%,11.75
キビレ食べ方,0,4,0%,12.75
浜名湖 カサゴ,0,4,0%,14
浜名湖 クロダイ 食べる,0,4,0%,14.5
浜名湖 シーバス ポイント,0,4,0%,14.5
浜名湖 サビキ,0,4,0%,17
浜名湖 クロダイ,0,4,0%,18.5
浜名湖 ハゼ釣り,0,4,0%,23.75
浜名湖釣り場,0,4,0%,24.75
アジフライ 揚げる時間,0,4,0%,28.25
浜名湖アジング 釣れない,0,4,0%,30
アジフライ揚げ時間,0,4,0%,35
浜名湖 海釣り,0,4,0%,39.75
新井 海釣り公園,0,4,0%,42.25
新居海釣り公園 釣果,0,4,0%,42.5
浜名湖 6月 釣り,0,3,0%,1
近くの釣り場 車横付け,0,3,0%,4.67
新居海釣り公園 サビキ,0,3,0%,9
フリーリグ チニング 夜,0,3,0%,9.67
アジング 浜名湖,0,3,0%,10
釣り 車横付け,0,3,0%,10
浜名湖レンタルボート 料金,0,3,0%,11
浜松 うなぎ釣り,0,3,0%,11.33
キビレ ムニエル,0,3,0%,11.67
浜名湖 海 釣り公園 閉鎖,0,3,0%,12
新居海釣り公園 アジング,0,3,0%,12.67
浜名湖釣りポイント,0,3,0%,15.67
浜名湖 釣りスポット,0,3,0%,16
浜名湖 砂揚げ場,0,3,0%,16.33
村櫛漁港,0,3,0%,19.33
タコ 浜名湖,0,3,0%,20.67
浜名湖ハゼ釣り,0,3,0%,21.67
都田川,0,3,0%,24
浜名湖 釣り場,0,3,0%,24.67
浜名湖 ボート 釣り,0,3,0%,25
浜名湖 釣りポイント,0,3,0%,27.33
浜名湖釣果,0,3,0%,29
ワインド マゴチ,0,3,0%,30.33
アオリイカ レシピ,0,3,0%,33.33
車 横付け 釣り,0,3,0%,33.33
浜名湖 夜釣り,0,3,0%,34.67
マゴチ 泳がせ 仕掛け,0,3,0%,35.33
アジフライ 揚げ時間,0,3,0%,41
伊豆 釣り 車 横付け,0,3,0%,42
小名浜 港 釣り 車 横付け,0,3,0%,42
浜名湖釣り,0,3,0%,42.33
浜松 釣り場,0,3,0%,44
浜名 湖 釣り,0,3,0%,46.67
アジフライ 下ごしらえ,0,3,0%,49
浜名 湖 海 釣り 公園,0,3,0%,54.33
タコ ポイント,0,3,0%,57.67
浜名 湖 釣り 情報,0,3,0%,63.33
夏,0,2,0%,1
海水浴,0,2,0%,1
舞阪,0,2,0%,2
浜名湖 海水浴場,0,2,0%,3.5
浜名湖,0,2,0%,4.5
浜名湖 カヤック 持ち込み,0,2,0%,5
浜名湖タコ,0,2,0%,5.5
猪鼻湖 読み方,0,2,0%,5.5
サバとサッパの違い,0,2,0%,8
キス 砂浜の女王,0,2,0%,9
村櫛 海水浴場,0,2,0%,9
キビレの美味しい食べ方,0,2,0%,10
奥浜名湖 釣りスポット,0,2,0%,10
浜名湖 網干場 釣り,0,2,0%,10
釣り餌自販機 近く,0,2,0%,10
新居弁天海浜公園,0,2,0%,10.5
浜名湖 庄内湾,0,2,0%,10.5
浜名湖 稚鮎釣り 禁止,0,2,0%,10.5
稚鮎 浜名湖,0,2,0%,10.5
マゴチ 浅瀬,0,2,0%,11
新居漁港 釣り,0,2,0%,11
女河浦海水浴場 駐車場,0,2,0%,11.5
新居弁天海釣公園,0,2,0%,12
浜名湖 釣り 夏,0,2,0%,12
浜名湖アオリイカ,0,2,0%,12
新居 t字 ルアー,0,2,0%,13
浜名湖レンタルボート釣り,0,2,0%,13
マゴチ ワインド ワーム,0,2,0%,15
たきや漁 コツ,0,2,0%,15.5
新居海釣り公園 水深,0,2,0%,15.5
浜名湖クロダイ,0,2,0%,15.5
レンタルボート 浜名湖,0,2,0%,16
新井弁天,0,2,0%,16
浜名湖 釣れる魚,0,2,0%,16
都田川 ハゼ,0,2,0%,16
新居弁天海釣公園 釣果,0,2,0%,17.5
チヌ 美味しい食べ方,0,2,0%,19.5
遠州灘 キス釣り 時期,0,2,0%,19.5
静岡県 漁業権,0,2,0%,19.5
車 横付け 釣り 静岡,0,2,0%,24
浜名湖 釣り レンタル,0,2,0%,25.5
遠州灘キス釣り,0,2,0%,25.5
カサゴ 煮付け,0,2,0%,27
マゴチ 泳がせ,0,2,0%,27
浜名湖釣れる魚,0,2,0%,28
マゴチ ボトムワインド,0,2,0%,28.5
浜名 湖 タコ 釣り,0,2,0%,30.5
ヒラメ 薄造り,0,2,0%,32
アジフライ揚げ方,0,2,0%,33
浜名湖釣り公園,0,2,0%,33
浜名湖 釣り公園,0,2,0%,33.5
アジフライ 揚げ方,0,2,0%,34
冷凍 アジフライ 揚げ 時間,0,2,0%,34
弁天島海浜公園 キス釣り,0,2,0%,34.5
アオリイカの食べ方,0,2,0%,37.5
浜名湖 アカメ,0,2,0%,37.5
マゴチ 料理,0,2,0%,38
アジフライ 揚げ 時間,0,2,0%,38.5
浜名 湖 釣れる 魚,0,2,0%,39
浜名湖 釣り情報,0,2,0%,40.5
サヨリ 釣り方,0,2,0%,41
イソメ 自販機,0,2,0%,41.5
コウイカ アオリイカ,0,2,0%,45.5
浜名湖 シーバス,0,2,0%,45.5
アジフライ 時間,0,2,0%,47
浜名湖シーバス,0,2,0%,47
チヌ 味,0,2,0%,48
サビキ トリック,0,2,0%,51
千代川 シーバス,0,2,0%,53
漁業権の ない 川 静岡県,0,2,0%,62.5
ボトムワインド,0,2,0%,65.5
トリックサビキ,0,2,0%,81
浜松 漁港,0,2,0%,87.5
かすみがうら市,0,1,0%,1
たこ,0,1,0%,1
ハオコゼ 毒 危険性,0,1,0%,1
ハゼ釣れる時期,0,1,0%,1
三ヶ日町大崎,0,1,0%,1
三重 港,0,1,0%,1
夜の9時,0,1,0%,1
浜名湖 海水浴,0,1,0%,1
浜松,0,1,0%,1
浜松海水浴場,0,1,0%,1
浜松釣りスポット,0,1,0%,1
湖西市入出,0,1,0%,1
私立中学,0,1,0%,1
豊橋 観光,0,1,0%,1
電車で行ける釣り場,0,1,0%,1
静岡 海,0,1,0%,1
静岡釣りスポット,0,1,0%,1
龍ケ岩洞,0,1,0%,1
奥浜名湖,0,1,0%,2
持ち込み,0,1,0%,2
浜名湖付近,0,1,0%,2
浜松 海,0,1,0%,2
車を横付けしたい,0,1,0%,2
車横付け,0,1,0%,2
？,0,1,0%,2
？？,0,1,0%,2
いまから,0,1,0%,3
いまは？,0,1,0%,3
サビキ,0,1,0%,3
入出漁港,0,1,0%,3
浜名湖 観光,0,1,0%,3
浜名湖海釣り公園,0,1,0%,3
６月,0,1,0%,3
アジ,0,1,0%,4
今,0,1,0%,4
子供連れ,0,1,0%,4
アジフライ 冷凍 揚げ方,0,1,0%,5
今週木曜日,0,1,0%,5
舞阪 釣り,0,1,0%,5
1人,0,1,0%,6
7月 ハゼ釣り,0,1,0%,6
昨日,0,1,0%,6
浜松 海水浴場,0,1,0%,6
雨でも釣りができる場所,0,1,0%,6
アイゴ 背びれ 毒棘,0,1,0%,7
レンタルボート 免許不要,0,1,0%,7
撒き餌 読み方,0,1,0%,7
浜名湖 カニ網 禁止,0,1,0%,7
7月 釣り,0,1,0%,8
キス 骨 食べる,0,1,0%,8
マゴチ 旬 時期,0,1,0%,8
奥浜名湖 釣り ポイント,0,1,0%,8
イソメ 自販機 近く,0,1,0%,9
サッパ 回遊魚,0,1,0%,9
何が釣れるの？,0,1,0%,9
キビレ 塩焼き,0,1,0%,10
コウイカ 寝かせる,0,1,0%,10
庄内湖 釣り,0,1,0%,10
新居弁天海釣公園 駐車場,0,1,0%,10
新居海釣り公園 駐車料金,0,1,0%,10
新居海釣公園,0,1,0%,10
浜名湖 アジング 時期,0,1,0%,10
浜名湖 夏 釣り,0,1,0%,10
浜名湖 砂揚げ場 釣り,0,1,0%,10
浜名湖 稚鮎釣り,0,1,0%,10
浜名湖 釣り 仕掛け,0,1,0%,10
釣り,0,1,0%,10
メバル カサゴ 煮付け,0,1,0%,11
庄内 湖,0,1,0%,11
弁天島 海浜 公園 ライブカメラ,0,1,0%,11
浜名湖 アジ 釣り ポイント,0,1,0%,11
浜名湖 アジング ジグヘッド,0,1,0%,11
浜名湖 クロダイ ポイント,0,1,0%,11
浜名湖 ボート シーバス 料金,0,1,0%,11
浜名湖 水深,0,1,0%,11
浜名湖カメラ,0,1,0%,11
カレイング オフセット フック,0,1,0%,12
大橋屋つり具センター 営業時間,0,1,0%,12
月齢と潮の関係,0,1,0%,12
浜名湖 サビキ釣り 時期,0,1,0%,12
浜名湖 釣り 6月,0,1,0%,12
海釣公園駐車場,0,1,0%,12
潮干狩り,0,1,0%,12
都田川 釣り 時期,0,1,0%,12
フカセ釣り 二枚潮攻略法,0,1,0%,13
浜名湖 カワハギ釣り,0,1,0%,13
浜名湖アジング ポイント,0,1,0%,13
村櫛漁港 釣り,0,1,0%,14
浜名湖 イカ,0,1,0%,14
ヒラメの薄造り,0,1,0%,16
浜名湖 エイ,0,1,0%,16
浜名湖 キス,0,1,0%,16
アジフライ 二度揚げ,0,1,0%,17
浜名湖 アジ,0,1,0%,18
浜名湖 今切口 釣り,0,1,0%,18
車 横付け,0,1,0%,18
近くの 釣り場 車 横付け,0,1,0%,18
カレイ ルアー 仕掛け,0,1,0%,19
マゴチ釣り方 泳がせ,0,1,0%,19
浜名湖 コウイカ,0,1,0%,19
浜名湖 タコ 釣果,0,1,0%,19
浜名湖キス釣り 時期,0,1,0%,19
カレイング フックサイズ,0,1,0%,20
キスの天ぷら,0,1,0%,20
コウイカ 食べ 方,0,1,0%,20
マゴチ ヒラメ 味,0,1,0%,20
沼津 漁業権,0,1,0%,20
メジナ レシピ 洋風,0,1,0%,21
舞阪堤防,0,1,0%,21
浜名湖アジ,0,1,0%,22
カレイの煮付け 黄金比,0,1,0%,23
新居弁天海釣公園 読み方,0,1,0%,23
マゴチ泳がせ釣り,0,1,0%,24
浜名湖 チヌトップ,0,1,0%,24
奥浜名湖 釣り,0,1,0%,25
浜名湖 うなぎ 漁業権,0,1,0%,25
浜名湖尺アジ ポイント,0,1,0%,25
海 釣り 公園 ライブ カメラ,0,1,0%,25
浜名湖 釣り 初心者,0,1,0%,26
浜松 釣り スポット,0,1,0%,26
浜名湖で釣れる魚,0,1,0%,27
浜名湖釣り ポイント,0,1,0%,27
amazon 釣具 セール,0,1,0%,28
今切口 釣果,0,1,0%,28
アジフライ揚げる時間,0,1,0%,29
今 切口 釣果,0,1,0%,29
浜名湖 キス釣り ボート,0,1,0%,29
浜名湖キス釣り情報,0,1,0%,29
浜名湖タコ釣り釣果,0,1,0%,29
ナイト チニング,0,1,0%,30
冷凍アジフライ 揚げ時間,0,1,0%,30
アジフライ 温度,0,1,0%,31
カサゴ メバル,0,1,0%,31
島根 釣り 車 横付け,0,1,0%,31
新居 弁天 海釣公園 釣果,0,1,0%,31
浜名湖 船釣り 料金,0,1,0%,31
浜名湖 ギマ ポイント,0,1,0%,33
ハゼクラ,0,1,0%,34
ハゼクランク ロッド,0,1,0%,34
浜名湖 雨,0,1,0%,34
カレイ ワーム,0,1,0%,35
チニング 夜,0,1,0%,35
小名浜港 釣り 車 横付け,0,1,0%,35
浜名湖チニング ポイント,0,1,0%,35
アオリイカ 熟成,0,1,0%,36
カレイ煮付け 黄金比,0,1,0%,36
クチコミ 新居弁天海釣公園 件,0,1,0%,36
浜名湖アジングタックル,0,1,0%,36
マゴチ 泳がせ 釣り 仕掛け,0,1,0%,38
佐鳴湖 釣り禁止,0,1,0%,38
アジフライ温度,0,1,0%,39
冷凍 アジフライ 揚げ方,0,1,0%,39
愛知県釣り 車 横付け,0,1,0%,39
浜名湖 チニング ポイント,0,1,0%,39
焼津 釣り 車 横付け,0,1,0%,39
カレイの煮付け 黄金比 プロ,0,1,0%,40
タコぬめり取り 片栗粉,0,1,0%,40
新居海釣り公園 何 番が釣れる,0,1,0%,40
沼津 釣り 車 横付け,0,1,0%,40
浜名湖チニング 陸 っ ぱり,0,1,0%,40
浜名湖釣りセンター,0,1,0%,41
浜松釣り,0,1,0%,43
キビレ 刺身,0,1,0%,44
クロダイ 釣り 時期,0,1,0%,44
釣り 月齢,0,1,0%,44
毒魚,0,1,0%,45
浜名湖 チニング,0,1,0%,45
コウイカ レシピ,0,1,0%,46
佐久 城跡,0,1,0%,46
海釣り公園 浜名湖,0,1,0%,46
アオリイカ コウイカ,0,1,0%,47
カレイの煮付け レシピ 人気 黄金比,0,1,0%,47
コウイカ 卵 レシピ,0,1,0%,47
ハゼ釣り 浜名湖,0,1,0%,47
釣り浜名湖,0,1,0%,47
浜名湖チニング,0,1,0%,48
キビレ,0,1,0%,49
チヌ味,0,1,0%,49
弁天島海浜公園 釣り,0,1,0%,49
片 名 漁港 釣り 禁止,0,1,0%,49
サヨリ仕掛け,0,1,0%,50
チニング 夜 ワーム 色,0,1,0%,50
チヌ 食べ 方,0,1,0%,50
トリック サビキ,0,1,0%,50
泳がせ釣り 仕掛け ヒラメ,0,1,0%,50
西伊豆 釣り 車 横付け,0,1,0%,50
泳がせ 釣り 仕掛け ヒラメ,0,1,0%,51
表鷲津湖岸公園,0,1,0%,51
コウイカ 刺身 まずい,0,1,0%,52
トリック サビキ 仕掛け,0,1,0%,52
ヒラメ 餌釣り,0,1,0%,52
アオリイカ 料理,0,1,0%,53
コウイカ レシピ 人気,0,1,0%,53
佐 鳴 湖 釣り禁止,0,1,0%,53
ヒラメ 餌 釣り,0,1,0%,54
餌 自販機,0,1,0%,54
アオリイカ レシピ プロ,0,1,0%,56
泳がせ 釣り 針 の 掛け 方,0,1,0%,56
アジフライ下ごしらえ,0,1,0%,57
ヒラメ 泳がせ 釣り 仕掛け,0,1,0%,58
メジナ 釣り 方,0,1,0%,58
ワインド ヒラメ,0,1,0%,58
黒鯛食べ方,0,1,0%,58
マゴチ 仕掛け,0,1,0%,59
コデマリン,0,1,0%,60
マゴチ 餌,0,1,0%,60
漁業権 ない場所 静岡,0,1,0%,61
アオリイカ 肝 レシピ,0,1,0%,62
コウイカ 刺身,0,1,0%,62
浜名湖 釣り船 初心者,0,1,0%,62
アジフライ 下ごしらえ 前日,0,1,0%,63
引っ掛け 釣り 違法,0,1,0%,63
毒 魚,0,1,0%,63
猛毒 魚,0,1,0%,64
シャコ 唐 揚げ,0,1,0%,65
黒鯛 白子,0,1,0%,65
ボトムワインド ジグヘッド,0,1,0%,66
愛知 タコ 釣り ポイント,0,1,0%,66
キビレチヌ,0,1,0%,69
タコ 時期,0,1,0%,73
タコ 釣り 場所,0,1,0%,73
浜松市 釣り,0,1,0%,75
タコ 生息 地,0,1,0%,81
ミオ筋,0,1,0%,81